url,label,url_length,domain_length,has_ip,has_at_sign,has_double_slash,has_dash,has_https,num_dots,num_digits,num_special_chars,subdomain_count,path_length,num_params,has_shortener,tld_length,suspicious_tld
http://prize-winner.xyz/redeem,1,30,16,0,0,0,1,0,1,0,0,0,7,0,0,3,1
http://login.paypal.com.qwerty.net/signin,1,41,27,0,0,0,0,0,4,0,0,3,7,0,0,3,0
http://netflix-billing.org/payment,1,34,19,0,0,0,1,0,1,0,0,0,8,0,0,3,0
https://nytimes.com/contact,0,27,11,0,0,0,0,1,1,0,0,0,8,0,0,3,0
https://etsy.com/api?id=12345,0,29,8,0,0,0,0,1,1,5,2,0,4,1,0,3,0
http://bit.ly/zz99yy,1,20,6,0,0,0,0,0,1,2,0,0,7,0,1,2,0
http://stripe.com/services,0,26,10,0,0,0,0,0,1,0,0,0,9,0,0,3,0
https://target.com/dashboard?tab=overview,0,41,10,0,0,0,0,1,1,0,2,0,10,1,1,3,0
http://www.tumblr.com/dashboard,0,31,14,0,0,0,0,0,2,0,0,0,10,0,0,3,0
https://pinterest.com/api?lang=en,0,33,13,0,0,0,0,1,1,0,2,0,4,1,1,3,0
http://599945806.top/verify-account/819,1,39,13,0,0,0,0,0,1,12,0,0,19,0,0,3,1
https://www.ebay.com/blog?q=python,0,34,12,0,0,0,0,1,2,0,2,0,5,1,0,3,0
http://twitter-security.xyz/alert,1,33,20,0,0,0,1,0,1,0,0,0,6,0,0,3,1
https://python.org?id=12345,0,27,10,0,0,0,0,1,1,5,2,0,0,1,0,3,0
http://prize-winner.top/redeem,1,30,16,0,0,0,1,0,1,0,0,0,7,0,0,3,1
https://www.airbnb.com/login?id=12345,0,37,14,0,0,0,0,1,2,5,2,0,6,1,0,3,0
https://www.quora.com/services,0,30,13,0,0,0,0,1,2,0,0,0,9,0,0,3,0
http://login-update.cf/secure,1,29,15,0,0,0,1,0,1,0,0,0,7,0,0,2,1
https://stripe.com/services,0,27,10,0,0,0,0,1,1,0,0,0,9,0,0,3,0
http://paypal-secure-login.gq/update,1,36,22,0,0,0,1,0,1,0,0,0,7,0,0,2,1
http://security-alert.tk/action,1,31,17,0,0,0,1,0,1,0,0,0,7,0,0,2,1
http://secure319.club/login484/auth884,1,38,14,0,0,0,0,0,1,9,0,0,17,0,0,4,1
http://facebook-security.com/verify,1,35,21,0,0,0,1,0,1,0,0,0,7,0,0,3,0
https://bbc.co.uk/tr/giris,0,26,9,0,0,0,0,1,2,0,0,1,9,0,0,2,0
http://10.0.203.1/paypal/signin,1,31,10,1,0,0,0,0,3,7,0,2,14,0,0,1,0
https://twitch.tv/help?page=1,0,29,9,0,0,0,0,1,1,1,2,0,5,1,0,2,0
http://wikipedia.org/pricing?q=python,0,37,13,0,0,0,0,0,1,0,2,0,8,1,0,3,0
http://twitter-security.com/alert,1,33,20,0,0,0,1,0,1,0,0,0,6,0,0,3,0
http://45.108.79.80/account-update,1,34,12,1,0,0,0,0,3,9,0,2,15,0,0,2,0
https://www.mozilla.org/products,0,32,15,0,0,0,0,1,2,0,0,0,9,0,0,3,0
https://www.booking.com/privacy,0,31,15,0,0,0,0,1,2,0,0,0,8,0,0,3,0
http://10.0.251.77/paypal/signin,1,32,11,1,0,0,0,0,3,8,0,2,14,0,0,2,0
http://www.paypal.com@data77.biz/login,1,38,25,0,1,0,0,0,3,2,1,1,6,0,0,3,0
http://netflix.com/docs,0,23,11,0,0,0,0,0,1,0,0,0,5,0,0,3,0
https://www.tripadvisor.com/news?utm_source=google,0,50,19,0,0,0,0,1,2,0,2,0,5,1,0,3,0
https://www.airbnb.com/dashboard?id=12345,0,41,14,0,0,0,0,1,2,5,2,0,10,1,0,3,0
https://www.cloudflare.com/support?q=python,0,43,18,0,0,0,0,1,2,0,2,0,8,1,0,3,0
http://prize-winner.buzz/redeem,1,31,17,0,0,0,1,0,1,0,0,0,7,0,0,4,1
http://free-bank.club/win-winner/claim-now?id=561&ref=745&token=514,1,67,14,0,0,0,1,0,1,9,6,0,21,3,0,4,1
https://www.facebook.com/signup,0,31,16,0,0,0,0,1,2,0,0,0,7,0,0,3,0
http://suspicious-confirm-bank-wallet.xyz/login/secure/update/verify/account,1,76,34,0,0,0,1,0,1,0,0,0,35,0,0,3,1
http://560862442.com/verify-account/366,1,39,13,0,0,0,0,0,1,12,0,0,19,0,0,3,0
http://facebook-security.net/verify,1,35,21,0,0,0,1,0,1,0,0,0,7,0,0,3,0
https://adobe.com/pricing,0,25,9,0,0,0,0,1,1,0,0,0,8,0,0,3,0
http://tinyurl.com/zz99yy,1,25,11,0,0,0,0,0,1,2,0,0,7,0,1,3,0
https://instagram.com/api,0,25,13,0,0,0,0,1,1,0,0,0,4,0,0,3,0
https://www.slack.com/login?q=python,0,36,13,0,0,0,0,1,2,0,2,0,6,1,0,3,0
https://dropbox.com/docs,0,24,11,0,0,0,0,1,1,0,0,0,5,0,0,3,0
https://coursera.org/careers?ref=homepage,0,41,12,0,0,0,0,1,1,0,2,0,8,1,0,3,0
https://target.com/terms,0,24,10,0,0,0,0,1,1,0,0,0,6,0,1,3,0
http://netflix-billing.buzz/payment,1,35,20,0,0,0,1,0,1,0,0,0,8,0,0,4,1
https://spotify.com/search?tab=overview,0,39,11,0,0,0,0,1,1,0,2,0,7,1,0,3,0
http://linkedin-verify.biz/confirm,1,34,19,0,0,0,1,0,1,0,0,0,8,0,0,3,0
https://www.instagram.com/terms?sort=newest,0,43,17,0,0,0,0,1,2,0,2,0,6,1,0,3,0
http://linkedin-verify.info/confirm,1,35,20,0,0,0,1,0,1,0,0,0,8,0,0,4,0
http://apple-id-verify.info/confirm,1,35,20,0,0,0,1,0,1,0,0,0,8,0,0,4,0
https://wikipedia.org/faq,0,25,13,0,0,0,0,1,1,0,0,0,4,0,0,3,0
https://adobe.com/blog,0,22,9,0,0,0,0,1,1,0,0,0,5,0,0,3,0
https://www.facebook.com/api,0,28,16,0,0,0,0,1,2,0,0,0,4,0,0,3,0
http://bit.ly/temp01,1,20,6,0,0,0,0,0,1,2,0,0,7,0,1,2,0
http://45.2.116.71/account-update,1,33,11,1,0,0,0,0,3,8,0,2,15,0,0,2,0
https://yelp.com/api,0,20,8,0,0,0,0,1,1,0,0,0,4,0,0,3,0
http://45.171.31.120/account-update,1,35,13,1,0,0,0,0,3,10,0,2,15,0,0,3,0
https://tumblr.com/terms?q=python,0,33,10,0,0,0,0,1,1,0,2,0,6,1,0,3,0
https://udemy.com/about?category=tech,0,37,9,0,0,0,0,1,1,0,2,0,6,1,0,3,0
http://facebook-security.tk/verify,1,34,20,0,0,0,1,0,1,0,0,0,7,0,0,2,1
http://185.242.56.246/secure-login.php,1,38,14,1,0,0,0,0,4,11,0,2,17,0,0,3,0
http://secure658.com/login533/auth586,1,37,13,0,0,0,0,0,1,9,0,0,17,0,0,3,0
http://185.240.225.122/secure-login.php,1,39,15,1,0,0,0,0,4,12,0,2,17,0,0,3,0
https://www.adobe.com/features?page=1,0,37,13,0,0,0,0,1,2,1,2,0,9,1,0,3,0
https://stripe.com/privacy?id=12345,0,35,10,0,0,0,0,1,1,5,2,0,8,1,0,3,0
http://twitter-security.com/alert,1,33,20,0,0,0,1,0,1,0,0,0,6,0,0,3,0
http://google-security.ml/alert,1,31,18,0,0,0,1,0,1,0,0,0,6,0,0,2,1
https://paypal.com/login,0,24,10,0,0,0,0,1,1,0,0,0,6,0,0,3,0
http://www.paypal.com@zz99yy.cf/login,1,37,24,0,1,0,0,0,3,2,1,1,6,0,0,2,1
https://www.openai.com/search,0,29,14,0,0,0,0,1,2,0,0,0,7,0,0,3,0
https://github.com?id=12345,0,27,10,0,0,0,0,1,1,5,2,0,0,1,0,3,0
http://185.5.151.18/secure-login.php,1,36,12,1,0,0,0,0,4,9,0,2,17,0,0,2,0
http://45.72.35.29/account-update,1,33,11,1,0,0,0,0,3,8,0,2,15,0,0,2,0
http://suspicious-limited-update-verify.buzz/login/secure/update/verify/account,1,79,37,0,0,0,1,0,1,0,0,0,35,0,0,4,1
http://secure.apple.com.temp01.top/verify,1,41,27,0,0,0,0,0,4,2,0,3,7,0,0,3,1
http://twitter-security.tk/alert,1,32,19,0,0,0,1,0,1,0,0,0,6,0,0,2,1
http://172.16.64.237/bank/verify,1,32,13,1,0,0,0,0,3,10,0,2,12,0,0,3,0
https://www.cloudflare.com/terms?ref=homepage,0,45,18,0,0,0,0,1,2,0,2,0,6,1,0,3,0
https://target.com/docs?tab=overview,0,36,10,0,0,0,0,1,1,0,2,0,5,1,1,3,0
http://tinyurl.com/abc123,1,25,11,0,0,0,0,0,1,3,0,0,7,0,1,3,0
http://prize-winner.top/redeem,1,30,16,0,0,0,1,0,1,0,0,0,7,0,0,3,1
https://www.dropbox.com/services?utm_source=google,0,50,15,0,0,0,0,1,2,0,2,0,9,1,0,3,0
https://yelp.com/dashboard,0,26,8,0,0,0,0,1,1,0,0,0,10,0,0,3,0
http://twitter-security.biz/alert,1,33,20,0,0,0,1,0,1,0,0,0,6,0,0,3,0
https://www.udemy.com/products,0,30,13,0,0,0,0,1,2,0,0,0,9,0,0,3,0
https://www.reddit.com/about,0,28,14,0,0,0,0,1,2,0,0,0,6,0,1,3,0
https://netflix.com/support,0,27,11,0,0,0,0,1,1,0,0,0,8,0,0,3,0
http://login-update.cf/secure,1,29,15,0,0,0,1,0,1,0,0,0,7,0,0,2,1
https://youtube.com/privacy,0,27,11,0,0,0,0,1,1,0,0,0,8,0,0,3,0
http://security-alert.xyz/action,1,32,18,0,0,0,1,0,1,0,0,0,7,0,0,3,1
https://wikipedia.org/blog,0,26,13,0,0,0,0,1,1,0,0,0,5,0,0,3,0
http://prize-winner.club/redeem,1,31,17,0,0,0,1,0,1,0,0,0,7,0,0,4,1
https://www.openai.com/contact?lang=en,0,38,14,0,0,0,0,1,2,0,2,0,8,1,0,3,0
http://twitter-security.tk/alert,1,32,19,0,0,0,1,0,1,0,0,0,6,0,0,2,1
http://netflix-billing.ml/payment,1,33,18,0,0,0,1,0,1,0,0,0,8,0,0,2,1
https://tripadvisor.com/en/home?page=1,0,38,15,0,0,0,0,1,1,1,2,0,8,1,0,3,0
http://netflix-billing.buzz/payment,1,35,20,0,0,0,1,0,1,0,0,0,8,0,0,4,1
https://tripadvisor.com/terms?lang=en,0,37,15,0,0,0,0,1,1,0,2,0,6,1,0,3,0
http://facebook-security.top/verify,1,35,21,0,0,0,1,0,1,0,0,0,7,0,0,3,1
http://free-login.ga/win-wallet/claim-now?id=116&ref=630&token=238,1,66,13,0,0,0,1,0,1,9,6,0,21,3,0,2,1
http://account-verify.work/confirm,1,34,19,0,0,0,1,0,1,0,0,0,8,0,0,4,1
https://paypal.com/news,0,23,10,0,0,0,0,1,1,0,0,0,5,0,0,3,0
https://www.mozilla.org/docs?id=12345,0,37,15,0,0,0,0,1,2,5,2,0,5,1,0,3,0
http://bit.ly/web555,1,20,6,0,0,0,0,0,1,3,0,0,7,0,1,2,0
https://etsy.com/news?sort=newest,0,33,8,0,0,0,0,1,1,0,2,0,5,1,0,3,0
https://netflix.com/settings?category=tech,0,42,11,0,0,0,0,1,1,0,2,0,9,1,0,3,0
http://bit.ly/web555,1,20,6,0,0,0,0,0,1,3,0,0,7,0,1,2,0
http://account-verify.cf/confirm,1,32,17,0,0,0,1,0,1,0,0,0,8,0,0,2,1
http://instagram-support.buzz/help,1,34,22,0,0,0,1,0,1,0,0,0,5,0,0,4,1
https://google.com/features,0,27,10,0,0,0,0,1,1,0,0,0,9,0,0,3,0
http://bit.ly/proxy7,1,20,6,0,0,0,0,0,1,1,0,0,7,0,1,2,0
http://shopify.com?utm_source=google,0,36,11,0,0,0,0,0,1,0,2,0,0,1,0,3,0
https://airbnb.com/features?category=tech,0,41,10,0,0,0,0,1,1,0,2,0,9,1,0,3,0
http://google-security.net/alert,1,32,19,0,0,0,1,0,1,0,0,0,6,0,0,3,0
http://prize-winner.tk/redeem,1,29,15,0,0,0,1,0,1,0,0,0,7,0,0,2,1
https://airbnb.com/services?q=python,0,36,10,0,0,0,0,1,1,0,2,0,9,1,0,3,0
http://twitter-security.ml/alert,1,32,19,0,0,0,1,0,1,0,0,0,6,0,0,2,1
https://www.reddit.com/signup,0,29,14,0,0,0,0,1,2,0,0,0,7,0,1,3,0
http://bbc.co.uk/dashboard,0,26,9,0,0,0,0,0,2,0,0,1,10,0,0,2,0
http://linkedin-verify.work/confirm,1,35,20,0,0,0,1,0,1,0,0,0,8,0,0,4,1
https://paypal.com/terms,0,24,10,0,0,0,0,1,1,0,0,0,6,0,0,3,0
https://stripe.com/support,0,26,10,0,0,0,0,1,1,0,0,0,8,0,0,3,0
https://wordpress.org/help?ref=homepage,0,39,13,0,0,0,0,1,1,0,2,0,5,1,0,3,0
http://twitter-security.com/alert,1,33,20,0,0,0,1,0,1,0,0,0,6,0,0,3,0
http://www.paypal.com@user42.cf/login,1,37,24,0,1,0,0,0,3,2,1,1,6,0,0,2,1
http://netflix-billing.biz/payment,1,34,19,0,0,0,1,0,1,0,0,0,8,0,0,3,0
http://prize-winner.buzz/redeem,1,31,17,0,0,0,1,0,1,0,0,0,7,0,0,4,1
http://twitter-security.club/alert,1,34,21,0,0,0,1,0,1,0,0,0,6,0,0,4,1
https://dropbox.com/about,0,25,11,0,0,0,0,1,1,0,0,0,6,0,0,3,0
https://reddit.com/features,0,27,10,0,0,0,0,1,1,0,0,0,9,0,1,3,0
http://192.168.74.238/login/secure,1,34,14,1,0,0,0,0,3,11,0,2,13,0,0,3,0
https://www.microsoft.com/help,0,30,17,0,0,0,0,1,2,0,0,0,5,0,1,3,0
https://www.cloudflare.com/privacy,0,34,18,0,0,0,0,1,2,0,0,0,8,0,0,3,0
http://account.google.com.abc123.top/auth,1,41,29,0,0,0,0,0,4,3,0,3,5,0,0,3,1
https://stackoverflow.com/blog,0,30,17,0,0,0,0,1,1,0,0,0,5,0,0,3,0
https://pinterest.com/careers?utm_source=google,0,47,13,0,0,0,0,1,1,0,2,0,8,1,1,3,0
https://mozilla.org/api?lang=en,0,31,11,0,0,0,0,1,1,0,2,0,4,1,0,3,0
https://google.com/api?q=python,0,31,10,0,0,0,0,1,1,0,2,0,4,1,0,3,0
http://10.0.136.185/paypal/signin,1,33,12,1,0,0,0,0,3,9,0,2,14,0,0,3,0
http://account.google.com.srv001.ml/auth,1,40,28,0,0,0,0,0,4,3,0,3,5,0,0,2,1
http://secure.apple.com.abc123.org/verify,1,41,27,0,0,0,0,0,4,3,0,3,7,0,0,3,0
http://192.168.103.52/login/secure,1,34,14,1,0,0,0,0,3,11,0,2,13,0,0,2,0
https://stripe.com/careers?page=1,0,33,10,0,0,0,0,1,1,1,2,0,8,1,0,3,0
https://www.stripe.com/docs,0,27,14,0,0,0,0,1,2,0,0,0,5,0,0,3,0
http://prize-winner.work/redeem,1,31,17,0,0,0,1,0,1,0,0,0,7,0,0,4,1
https://reddit.com/docs?utm_source=google,0,41,10,0,0,0,0,1,1,0,2,0,5,1,1,3,0
http://secure344.xyz/login216/auth253,1,37,13,0,0,0,0,0,1,9,0,0,17,0,0,3,1
http://prize-winner.ga/redeem,1,29,15,0,0,0,1,0,1,0,0,0,7,0,0,2,1
https://booking.com/,0,20,11,0,0,0,0,1,1,0,0,0,1,0,0,3,0
http://suspicious-urgent-free-update.xyz/login/secure/update/verify/account,1,75,33,0,0,0,1,0,1,0,0,0,35,0,0,3,1
http://bit.ly/web555,1,20,6,0,0,0,0,0,1,3,0,0,7,0,1,2,0
https://kaggle.com/features,0,27,10,0,0,0,0,1,1,0,0,0,9,0,0,3,0
http://login.paypal.com.zz99yy.xyz/signin,1,41,27,0,0,0,0,0,4,2,0,3,7,0,0,3,1
https://www.stackoverflow.com/blog?id=12345,0,43,21,0,0,0,0,1,2,5,2,0,5,1,0,3,0
https://www.cnn.com/blog?lang=en,0,32,11,0,0,0,0,1,2,0,2,0,5,1,0,3,0
http://820673940.biz/verify-account/467,1,39,13,0,0,0,0,0,1,12,0,0,19,0,0,3,0
http://security-alert.xyz/action,1,32,18,0,0,0,1,0,1,0,0,0,7,0,0,3,1
http://375481120.work/verify-account/445,1,40,14,0,0,0,0,0,1,12,0,0,19,0,0,4,1
http://www.paypal.com@host88.net/login,1,38,25,0,1,0,0,0,3,2,1,1,6,0,0,3,0
https://salesforce.com/careers?page=1,0,37,14,0,0,0,0,1,1,1,2,0,8,1,0,3,0
http://185.22.69.40/secure-login.php,1,36,12,1,0,0,0,0,4,9,0,2,17,0,0,2,0
http://account.google.com.proxy7.ga/auth,1,40,28,0,0,0,0,0,4,1,0,3,5,0,0,2,1
http://account.google.com.temp01.biz/auth,1,41,29,0,0,0,0,0,4,2,0,3,5,0,0,3,0
http://www.paypal.com@zz99yy.com/login,1,38,25,0,1,0,0,0,3,2,1,1,6,0,0,3,0
http://prize-winner.club/redeem,1,31,17,0,0,0,1,0,1,0,0,0,7,0,0,4,1
http://45.144.119.173/account-update,1,36,14,1,0,0,0,0,3,11,0,2,15,0,0,3,0
https://google.com/careers?id=12345,0,35,10,0,0,0,0,1,1,5,2,0,8,1,0,3,0
http://secure954.com/login632/auth760,1,37,13,0,0,0,0,0,1,9,0,0,17,0,0,3,0
http://tinyurl.com/node33,1,25,11,0,0,0,0,0,1,2,0,0,7,0,1,3,0
http://legitimate-site.com//http://host88.tk/phishing,1,53,19,0,0,1,1,0,2,2,0,0,27,0,0,3,0
http://free-login.xyz/win-suspended/claim-now?id=760&ref=662&token=174,1,70,14,0,0,0,1,0,1,9,6,0,24,3,0,3,1
https://wordpress.org?ref=homepage,0,34,13,0,0,0,0,1,1,0,2,0,0,1,0,3,0
https://wikipedia.org/terms?q=python,0,36,13,0,0,0,0,1,1,0,2,0,6,1,0,3,0
https://zoom.us/api,0,19,7,0,0,0,0,1,1,0,0,0,4,0,0,2,0
http://10.0.82.67/paypal/signin,1,31,10,1,0,0,0,0,3,7,0,2,14,0,0,2,0
http://microsoft-account.biz/signin,1,35,21,0,0,0,1,0,1,0,0,0,7,0,0,3,0
https://udemy.com/en/home?tab=overview,0,38,9,0,0,0,0,1,1,0,2,0,8,1,0,3,0
https://twitter.com/support?id=12345,0,36,11,0,0,0,0,1,1,5,2,0,8,1,0,3,0
https://www.zoom.us/about,0,25,11,0,0,0,0,1,2,0,0,0,6,0,0,2,0
http://45.49.75.113/account-update,1,34,12,1,0,0,0,0,3,9,0,2,15,0,0,3,0
https://www.instagram.com/profile?ref=homepage,0,46,17,0,0,0,0,1,2,0,2,0,8,1,0,3,0
http://free-limited.cf/win-payment/claim-now?id=483&ref=500&token=574,1,69,15,0,0,0,1,0,1,9,6,0,22,3,0,2,1
https://reddit.com/settings,0,27,10,0,0,0,0,1,1,0,0,0,9,0,1,3,0
http://account-verify.ga/confirm,1,32,17,0,0,0,1,0,1,0,0,0,8,0,0,2,1
http://apple-id-verify.biz/confirm,1,34,19,0,0,0,1,0,1,0,0,0,8,0,0,3,0
http://instagram-support.xyz/help,1,33,21,0,0,0,1,0,1,0,0,0,5,0,0,3,1
https://dropbox.com/?lang=en,0,28,11,0,0,0,0,1,1,0,2,0,1,1,0,3,0
http://microsoft-account.gq/signin,1,34,20,0,0,0,1,0,1,0,0,0,7,0,0,2,1
http://free-crypto.buzz/win-crypto/claim-now?id=378&ref=339&token=176,1,69,16,0,0,0,1,0,1,9,6,0,21,3,0,4,1
https://salesforce.com/en/home?category=tech,0,44,14,0,0,0,0,1,1,0,2,0,8,1,0,3,0
https://pinterest.com/tr/giris?tab=overview,0,43,13,0,0,0,0,1,1,0,2,0,9,1,1,3,0
https://www.walmart.com/news?sort=newest,0,40,15,0,0,0,0,1,2,0,2,0,5,1,1,3,0
http://paypal-secure-login.work/update,1,38,24,0,0,0,1,0,1,0,0,0,7,0,0,4,1
https://coursera.org/faq,0,24,12,0,0,0,0,1,1,0,0,0,4,0,0,3,0
http://185.203.78.137/secure-login.php,1,38,14,1,0,0,0,0,4,11,0,2,17,0,0,3,0
http://suspicious-free-alert-suspended.buzz/login/secure/update/verify/account,1,78,36,0,0,0,1,0,1,0,0,0,35,0,0,4,1
https://www.google.com/search,0,29,14,0,0,0,0,1,2,0,0,0,7,0,0,3,0
http://www.paypal.com@host88.gq/login,1,37,24,0,1,0,0,0,3,2,1,1,6,0,0,2,1
https://zoom.us/tr/giris,0,24,7,0,0,0,0,1,1,0,0,0,9,0,0,2,0
https://udemy.com/terms?tab=overview,0,36,9,0,0,0,0,1,1,0,2,0,6,1,0,3,0
http://apple-id-verify.work/confirm,1,35,20,0,0,0,1,0,1,0,0,0,8,0,0,4,1
https://apple.com/products,0,26,9,0,0,0,0,1,1,0,0,0,9,0,0,3,0
https://www.quora.com/support,0,29,13,0,0,0,0,1,2,0,0,0,8,0,0,3,0
http://apple-id-verify.gq/confirm,1,33,18,0,0,0,1,0,1,0,0,0,8,0,0,2,1
https://reddit.com/settings,0,27,10,0,0,0,0,1,1,0,0,0,9,0,1,3,0
https://google.com/news,0,23,10,0,0,0,0,1,1,0,0,0,5,0,0,3,0
http://583769893.work/verify-account/252,1,40,14,0,0,0,0,0,1,12,0,0,19,0,0,4,1
http://www.twitter.com/help?page=1,0,34,15,0,0,0,0,0,2,1,2,0,5,1,0,3,0
http://secure190.gq/login742/auth946,1,36,12,0,0,0,0,0,1,9,0,0,17,0,0,2,1
http://openai.com/privacy?ref=homepage,0,38,10,0,0,0,0,0,1,0,2,0,8,1,0,3,0
https://pinterest.com/settings,0,30,13,0,0,0,0,1,1,0,0,0,9,0,1,3,0
http://facebook-security.ml/verify,1,34,20,0,0,0,1,0,1,0,0,0,7,0,0,2,1
https://tripadvisor.com/features?sort=newest,0,44,15,0,0,0,0,1,1,0,2,0,9,1,0,3,0
https://www.cnn.com/careers?utm_source=google,0,45,11,0,0,0,0,1,2,0,2,0,8,1,0,3,0
https://www.youtube.com/services?lang=en,0,40,15,0,0,0,0,1,2,0,2,0,9,1,0,3,0
http://secure140.org/login686/auth250,1,37,13,0,0,0,0,0,1,9,0,0,17,0,0,3,0
https://tumblr.com/api,0,22,10,0,0,0,0,1,1,0,0,0,4,0,0,3,0
https://bestbuy.com/terms?page=1,0,32,11,0,0,0,0,1,1,1,2,0,6,1,0,3,0
http://microsoft-account.net/signin,1,35,21,0,0,0,1,0,1,0,0,0,7,0,0,3,0
http://login.paypal.com.abc123.cf/signin,1,40,26,0,0,0,0,0,4,3,0,3,7,0,0,2,1
http://suspicious-crypto-account-crypto.buzz/login/secure/update/verify/account,1,79,37,0,0,0,1,0,1,0,0,0,35,0,0,4,1
http://secure.bank.com@cdn456.ml/transfer,1,41,25,0,1,0,0,0,3,3,1,2,9,0,0,2,1
https://stackoverflow.com/login,0,31,17,0,0,0,0,1,1,0,0,0,6,0,0,3,0
http://salesforce.com/products,0,30,14,0,0,0,0,0,1,0,0,0,9,0,0,3,0
https://salesforce.com/about,0,28,14,0,0,0,0,1,1,0,0,0,6,0,0,3,0
https://www.kaggle.com/faq?sort=newest,0,38,14,0,0,0,0,1,2,0,2,0,4,1,0,3,0
https://www.paypal.com/support,0,30,14,0,0,0,0,1,2,0,0,0,8,0,0,3,0
http://twitter-security.ml/alert,1,32,19,0,0,0,1,0,1,0,0,0,6,0,0,2,1
http://account-verify.top/confirm,1,33,18,0,0,0,1,0,1,0,0,0,8,0,0,3,1
https://www.paypal.com/about,0,28,14,0,0,0,0,1,2,0,0,0,6,0,0,3,0
https://cnn.com/products,0,24,7,0,0,0,0,1,1,0,0,0,9,0,0,3,0
http://amazon-delivery.xyz/track,1,32,19,0,0,0,1,0,1,0,0,0,6,0,0,3,1
http://microsoft-account.biz/signin,1,35,21,0,0,0,1,0,1,0,0,0,7,0,0,3,0
https://pinterest.com/blog,0,26,13,0,0,0,0,1,1,0,0,0,5,0,1,3,0
http://suspicious-login-suspended-winner.ml/login/secure/update/verify/account,1,78,36,0,0,0,1,0,1,0,0,0,35,0,0,2,1
https://www.digitalocean.com/about?ref=homepage,0,47,20,0,0,0,0,1,2,0,2,0,6,1,0,3,0
http://microsoft-account.buzz/signin,1,36,22,0,0,0,1,0,1,0,0,0,7,0,0,4,1
https://slack.com/support?lang=en,0,33,9,0,0,0,0,1,1,0,2,0,8,1,0,3,0
http://45.94.57.156/account-update,1,34,12,1,0,0,0,0,3,9,0,2,15,0,0,3,0
https://www.bbc.co.uk/login?utm_source=google,0,45,13,0,0,0,0,1,3,0,2,1,6,1,0,2,0
http://security-alert.ml/action,1,31,17,0,0,0,1,0,1,0,0,0,7,0,0,2,1
https://www.digitalocean.com/about?sort=newest,0,46,20,0,0,0,0,1,2,0,2,0,6,1,0,3,0
http://secure908.xyz/login486/auth175,1,37,13,0,0,0,0,0,1,9,0,0,17,0,0,3,1
http://security-alert.tk/action,1,31,17,0,0,0,1,0,1,0,0,0,7,0,0,2,1
https://www.coursera.org/tr/giris,0,33,16,0,0,0,0,1,2,0,0,0,9,0,0,3,0
https://www.pinterest.com/pricing?id=12345,0,42,17,0,0,0,0,1,2,5,2,0,8,1,1,3,0
https://python.org/search?q=python,0,34,10,0,0,0,0,1,1,0,2,0,7,1,0,3,0
https://bestbuy.com/news,0,24,11,0,0,0,0,1,1,0,0,0,5,0,0,3,0
https://digitalocean.com/dashboard?page=1,0,41,16,0,0,0,0,1,1,1,2,0,10,1,0,3,0
https://shopify.com/signup?tab=overview,0,39,11,0,0,0,0,1,1,0,2,0,7,1,0,3,0
http://www.paypal.com/dashboard?lang=en,0,39,14,0,0,0,0,0,2,0,2,0,10,1,0,3,0
http://login-update.xyz/secure,1,30,16,0,0,0,1,0,1,0,0,0,7,0,0,3,1
http://apple-id-verify.buzz/confirm,1,35,20,0,0,0,1,0,1,0,0,0,8,0,0,4,1
http://185.218.201.72/secure-login.php,1,38,14,1,0,0,0,0,4,11,0,2,17,0,0,2,0
http://cloudflare.com/about?ref=homepage,0,40,14,0,0,0,0,0,1,0,2,0,6,1,0,3,0
http://login.paypal.com.user42.club/signin,1,42,28,0,0,0,0,0,4,2,0,3,7,0,0,4,1
http://www.paypal.com@web555.com/login,1,38,25,0,1,0,0,0,3,3,1,1,6,0,0,3,0
http://185.230.216.206/secure-login.php,1,39,15,1,0,0,0,0,4,12,0,2,17,0,0,3,0
https://mozilla.org/faq,0,23,11,0,0,0,0,1,1,0,0,0,4,0,0,3,0
https://ebay.com/en/home,0,24,8,0,0,0,0,1,1,0,0,0,8,0,0,3,0
http://tinyurl.com/xk9f2m,1,25,11,0,0,0,0,0,1,2,0,0,7,0,1,3,0
http://login.paypal.com.web555.tk/signin,1,40,26,0,0,0,0,0,4,3,0,3,7,0,0,2,1
http://172.16.92.209/bank/verify,1,32,13,1,0,0,0,0,3,10,0,2,12,0,0,3,0
https://www.udemy.com/en/home,0,29,13,0,0,0,0,1,2,0,0,0,8,0,0,3,0
http://apple-id-verify.info/confirm,1,35,20,0,0,0,1,0,1,0,0,0,8,0,0,4,0
http://legitimate-site.com//http://user42.top/phishing,1,54,19,0,0,1,1,0,2,2,0,0,28,0,0,3,0
https://www.python.org/en/home,0,30,14,0,0,0,0,1,2,0,0,0,8,0,0,3,0
https://www.reddit.com/docs,0,27,14,0,0,0,0,1,2,0,0,0,5,0,1,3,0
http://www.paypal.com@test99.info/login,1,39,26,0,1,0,0,0,3,2,1,1,6,0,0,4,0
http://bit.ly/web555,1,20,6,0,0,0,0,0,1,3,0,0,7,0,1,2,0
http://apple-id-verify.net/confirm,1,34,19,0,0,0,1,0,1,0,0,0,8,0,0,3,0
https://www.medium.com/careers?ref=homepage,0,43,14,0,0,0,0,1,2,0,2,0,8,1,0,3,0
http://405800210.cf/verify-account/593,1,38,12,0,0,0,0,0,1,12,0,0,19,0,0,2,1
https://github.com/features?category=tech,0,41,10,0,0,0,0,1,1,0,2,0,9,1,0,3,0
http://807440643.tk/verify-account/133,1,38,12,0,0,0,0,0,1,12,0,0,19,0,0,2,1
http://instagram-support.info/help,1,34,22,0,0,0,1,0,1,0,0,0,5,0,0,4,0
http://www.twitter.com/faq?category=tech,0,40,15,0,0,0,0,0,2,0,2,0,4,1,0,3,0
https://www.etsy.com/search,0,27,12,0,0,0,0,1,2,0,0,0,7,0,0,3,0
https://youtube.com/dashboard,0,29,11,0,0,0,0,1,1,0,0,0,10,0,0,3,0
https://www.coursera.org/search,0,31,16,0,0,0,0,1,2,0,0,0,7,0,0,3,0
http://kaggle.com/search?page=1,0,31,10,0,0,0,0,0,1,1,2,0,7,1,0,3,0
https://www.udemy.com/privacy?lang=en,0,37,13,0,0,0,0,1,2,0,2,0,8,1,0,3,0
http://free-iphone.ga/claim-now,1,31,14,0,0,0,1,0,1,0,0,0,10,0,0,2,1
http://google-security.ml/alert,1,31,18,0,0,0,1,0,1,0,0,0,6,0,0,2,1
http://security-alert.xyz/action,1,32,18,0,0,0,1,0,1,0,0,0,7,0,0,3,1
https://www.pinterest.com/features,0,34,17,0,0,0,0,1,2,0,0,0,9,0,1,3,0
http://paypal-secure-login.org/update,1,37,23,0,0,0,1,0,1,0,0,0,7,0,0,3,0
https://www.salesforce.com/pricing?id=12345,0,43,18,0,0,0,0,1,2,5,2,0,8,1,0,3,0
http://45.34.8.121/account-update,1,33,11,1,0,0,0,0,3,8,0,2,15,0,0,3,0
http://suspicious-winner-winner-crypto.buzz/login/secure/update/verify/account,1,78,36,0,0,0,1,0,1,0,0,0,35,0,0,4,1
https://facebook.com/?tab=overview,0,34,12,0,0,0,0,1,1,0,2,0,1,1,0,3,0
http://172.16.52.28/bank/verify,1,31,12,1,0,0,0,0,3,9,0,2,12,0,0,2,0
http://www.udemy.com/contact,0,28,13,0,0,0,0,0,2,0,0,0,8,0,0,3,0
http://secure.apple.com.test99.ml/verify,1,40,26,0,0,0,0,0,4,2,0,3,7,0,0,2,1
https://openai.com/docs?category=tech,0,37,10,0,0,0,0,1,1,0,2,0,5,1,0,3,0
http://account.google.com.proxy7.buzz/auth,1,42,30,0,0,0,0,0,4,1,0,3,5,0,0,4,1
https://google.com/faq?id=12345,0,31,10,0,0,0,0,1,1,5,2,0,4,1,0,3,0
http://secure867.buzz/login411/auth844,1,38,14,0,0,0,0,0,1,9,0,0,17,0,0,4,1
http://www.digitalocean.com/blog?lang=en,0,40,20,0,0,0,0,0,2,0,2,0,5,1,0,3,0
https://www.instagram.com/tr/giris?page=1,0,41,17,0,0,0,0,1,2,1,2,0,9,1,0,3,0
https://adobe.com/faq,0,21,9,0,0,0,0,1,1,0,0,0,4,0,0,3,0
https://tumblr.com/services?page=1,0,34,10,0,0,0,0,1,1,1,2,0,9,1,0,3,0
https://python.org/login?utm_source=google,0,42,10,0,0,0,0,1,1,0,2,0,6,1,0,3,0
http://account.google.com.data77.top/auth,1,41,29,0,0,0,0,0,4,2,0,3,5,0,0,3,1
http://facebook-security.tk/verify,1,34,20,0,0,0,1,0,1,0,0,0,7,0,0,2,1
http://681717209.work/verify-account/443,1,40,14,0,0,0,0,0,1,12,0,0,19,0,0,4,1
http://prize-winner.gq/redeem,1,29,15,0,0,0,1,0,1,0,0,0,7,0,0,2,1
http://legitimate-site.com//http://temp01.net/phishing,1,54,19,0,0,1,1,0,2,2,0,0,28,0,0,3,0
https://bbc.co.uk/dashboard,0,27,9,0,0,0,0,1,2,0,0,1,10,0,0,2,0
http://paypal-secure-login.ml/update,1,36,22,0,0,0,1,0,1,0,0,0,7,0,0,2,1
http://microsoft-account.work/signin,1,36,22,0,0,0,1,0,1,0,0,0,7,0,0,4,1
https://twitter.com/features,0,28,11,0,0,0,0,1,1,0,0,0,9,0,0,3,0
http://www.youtube.com/tr/giris?utm_source=google,0,49,15,0,0,0,0,0,2,0,2,0,9,1,0,3,0
http://secure.apple.com.qwerty.gq/verify,1,40,26,0,0,0,0,0,4,0,0,3,7,0,0,2,1
http://free-payment.com/win-prize/claim-now?id=353&ref=855&token=134,1,68,16,0,0,0,1,0,1,9,6,0,20,3,1,3,0
http://paypal-secure-login.ml/update,1,36,22,0,0,0,1,0,1,0,0,0,7,0,0,2,1
https://bbc.co.uk/settings?ref=homepage,0,39,9,0,0,0,0,1,2,0,2,1,9,1,0,2,0
https://walmart.com/help?lang=en,0,32,11,0,0,0,0,1,1,0,2,0,5,1,1,3,0
https://airbnb.com/login?q=python,0,33,10,0,0,0,0,1,1,0,2,0,6,1,0,3,0
http://www.facebook.com/about,0,29,16,0,0,0,0,0,2,0,0,0,6,0,0,3,0
http://security-alert.top/action,1,32,18,0,0,0,1,0,1,0,0,0,7,0,0,3,1
http://www.amazon.com/blog?category=tech,0,40,14,0,0,0,0,0,2,0,2,0,5,1,0,3,0
http://microsoft-account.net/signin,1,35,21,0,0,0,1,0,1,0,0,0,7,0,0,3,0
https://www.target.com/privacy,0,30,14,0,0,0,0,1,2,0,0,0,8,0,1,3,0
http://172.16.12.10/bank/verify,1,31,12,1,0,0,0,0,3,9,0,2,12,0,0,2,0
http://apple-id-verify.biz/confirm,1,34,19,0,0,0,1,0,1,0,0,0,8,0,0,3,0
http://185.65.26.51/secure-login.php,1,36,12,1,0,0,0,0,4,9,0,2,17,0,0,2,0
https://www.cloudflare.com?utm_source=google,0,44,18,0,0,0,0,1,2,0,2,0,0,1,0,3,0
http://linkedin-verify.club/confirm,1,35,20,0,0,0,1,0,1,0,0,0,8,0,0,4,1
http://instagram-support.club/help,1,34,22,0,0,0,1,0,1,0,0,0,5,0,0,4,1
https://cloudflare.com/contact?category=tech,0,44,14,0,0,0,0,1,1,0,2,0,8,1,0,3,0
https://github.com/docs,0,23,10,0,0,0,0,1,1,0,0,0,5,0,0,3,0
http://login-update.club/secure,1,31,17,0,0,0,1,0,1,0,0,0,7,0,0,4,1
https://twitter.com/news,0,24,11,0,0,0,0,1,1,0,0,0,5,0,0,3,0
http://10.0.100.173/paypal/signin,1,33,12,1,0,0,0,0,3,9,0,2,14,0,0,3,0
https://stripe.com/tr/giris?id=12345,0,36,10,0,0,0,0,1,1,5,2,0,9,1,0,3,0
https://www.linkedin.com/en/home?ref=homepage,0,45,16,0,0,0,0,1,2,0,2,0,8,1,0,3,0
https://twitter.com/contact?lang=en,0,35,11,0,0,0,0,1,1,0,2,0,8,1,0,3,0
https://wordpress.org/about?tab=overview,0,40,13,0,0,0,0,1,1,0,2,0,6,1,0,3,0
https://quora.com/careers?ref=homepage,0,38,9,0,0,0,0,1,1,0,2,0,8,1,0,3,0
http://legitimate-site.com//http://test99.biz/phishing,1,54,19,0,0,1,1,0,2,2,0,0,28,0,0,3,0
http://account-verify.buzz/confirm,1,34,19,0,0,0,1,0,1,0,0,0,8,0,0,4,1
https://www.airbnb.com/search?ref=homepage,0,42,14,0,0,0,0,1,2,0,2,0,7,1,0,3,0
http://secure155.work/login546/auth248,1,38,14,0,0,0,0,0,1,9,0,0,17,0,0,4,1
https://wikipedia.org/en/home?lang=en,0,37,13,0,0,0,0,1,1,0,2,0,8,1,0,3,0
http://microsoft-account.work/signin,1,36,22,0,0,0,1,0,1,0,0,0,7,0,0,4,1
https://www.apple.com/profile,0,29,13,0,0,0,0,1,2,0,0,0,8,0,0,3,0
https://www.walmart.com/support?lang=en,0,39,15,0,0,0,0,1,2,0,2,0,8,1,1,3,0
http://amazon-delivery.info/track,1,33,20,0,0,0,1,0,1,0,0,0,6,0,0,4,0
http://apple-id-verify.com/confirm,1,34,19,0,0,0,1,0,1,0,0,0,8,0,0,3,0
http://tinyurl.com/xk9f2m,1,25,11,0,0,0,0,0,1,2,0,0,7,0,1,3,0
http://192.168.118.128/login/secure,1,35,15,1,0,0,0,0,3,12,0,2,13,0,0,3,0
http://45.233.197.23/account-update,1,35,13,1,0,0,0,0,3,10,0,2,15,0,0,2,0
https://www.zoom.us/contact,0,27,11,0,0,0,0,1,2,0,0,0,8,0,0,2,0
https://pinterest.com/news?category=tech,0,40,13,0,0,0,0,1,1,0,2,0,5,1,1,3,0
http://secure141.top/login851/auth172,1,37,13,0,0,0,0,0,1,9,0,0,17,0,0,3,1
http://login-update.club/secure,1,31,17,0,0,0,1,0,1,0,0,0,7,0,0,4,1
http://paypal-secure-login.buzz/update,1,38,24,0,0,0,1,0,1,0,0,0,7,0,0,4,1
https://cloudflare.com/settings,0,31,14,0,0,0,0,1,1,0,0,0,9,0,0,3,0
https://www.airbnb.com/en/home?tab=overview,0,43,14,0,0,0,0,1,2,0,2,0,8,1,0,3,0
https://www.walmart.com/signup?page=1,0,37,15,0,0,0,0,1,2,1,2,0,7,1,1,3,0
https://amazon.com/settings?sort=newest,0,39,10,0,0,0,0,1,1,0,2,0,9,1,0,3,0
https://www.google.com/settings?q=python,0,40,14,0,0,0,0,1,2,0,2,0,9,1,0,3,0
http://192.168.19.166/login/secure,1,34,14,1,0,0,0,0,3,11,0,2,13,0,0,3,0
https://www.zoom.us?page=1,0,26,11,0,0,0,0,1,2,1,2,0,0,1,0,2,0
https://paypal.com/about?lang=en,0,32,10,0,0,0,0,1,1,0,2,0,6,1,0,3,0
http://apple-id-verify.club/confirm,1,35,20,0,0,0,1,0,1,0,0,0,8,0,0,4,1
http://192.168.148.134/login/secure,1,35,15,1,0,0,0,0,3,12,0,2,13,0,0,3,0
https://wikipedia.org/products?sort=newest,0,42,13,0,0,0,0,1,1,0,2,0,9,1,0,3,0
https://shopify.com/docs,0,24,11,0,0,0,0,1,1,0,0,0,5,0,0,3,0
http://192.168.132.182/login/secure,1,35,15,1,0,0,0,0,3,12,0,2,13,0,0,3,0
https://walmart.com/faq?page=1,0,30,11,0,0,0,0,1,1,1,2,0,4,1,1,3,0
http://account-verify.work/confirm,1,34,19,0,0,0,1,0,1,0,0,0,8,0,0,4,1
https://www.coursera.org/about?ref=homepage,0,43,16,0,0,0,0,1,2,0,2,0,6,1,0,3,0
http://185.242.210.172/secure-login.php,1,39,15,1,0,0,0,0,4,12,0,2,17,0,0,3,0
https://reddit.com/careers?q=python,0,35,10,0,0,0,0,1,1,0,2,0,8,1,1,3,0
http://legitimate-site.com//http://user42.com/phishing,1,54,19,0,0,1,1,0,2,2,0,0,28,0,0,3,0
https://www.bestbuy.com/en/home?utm_source=google,0,49,15,0,0,0,0,1,2,0,2,0,8,1,0,3,0
https://linkedin.com/,0,21,12,0,0,0,0,1,1,0,0,0,1,0,0,3,0
https://www.tripadvisor.com/support,0,35,19,0,0,0,0,1,2,0,0,0,8,0,0,3,0
http://tinyurl.com/user42,1,25,11,0,0,0,0,0,1,2,0,0,7,0,1,3,0
http://ebay.com/news?sort=newest,0,32,8,0,0,0,0,0,1,0,2,0,5,1,0,3,0
http://account.google.com.abc123.cf/auth,1,40,28,0,0,0,0,0,4,3,0,3,5,0,0,2,1
http://login-update.top/secure,1,30,16,0,0,0,1,0,1,0,0,0,7,0,0,3,1
http://facebook-security.cf/verify,1,34,20,0,0,0,1,0,1,0,0,0,7,0,0,2,1
https://www.linkedin.com/about,0,30,16,0,0,0,0,1,2,0,0,0,6,0,0,3,0
http://45.36.129.75/account-update,1,34,12,1,0,0,0,0,3,9,0,2,15,0,0,2,0
http://account.google.com.proxy7.biz/auth,1,41,29,0,0,0,0,0,4,1,0,3,5,0,0,3,0
http://account.google.com.srv001.org/auth,1,41,29,0,0,0,0,0,4,3,0,3,5,0,0,3,0
http://tinyurl.com/zz99yy,1,25,11,0,0,0,0,0,1,2,0,0,7,0,1,3,0
http://login.paypal.com.host88.top/signin,1,41,27,0,0,0,0,0,4,2,0,3,7,0,0,3,1
https://youtube.com/blog,0,24,11,0,0,0,0,1,1,0,0,0,5,0,0,3,0
https://www.linkedin.com/privacy,0,32,16,0,0,0,0,1,2,0,0,0,8,0,0,3,0
http://twitter-security.org/alert,1,33,20,0,0,0,1,0,1,0,0,0,6,0,0,3,0
https://yelp.com/help?tab=overview,0,34,8,0,0,0,0,1,1,0,2,0,5,1,0,3,0
https://coursera.org/api?ref=homepage,0,37,12,0,0,0,0,1,1,0,2,0,4,1,0,3,0
https://www.tripadvisor.com/en/home,0,35,19,0,0,0,0,1,2,0,0,0,8,0,0,3,0
https://udemy.com/?lang=en,0,26,9,0,0,0,0,1,1,0,2,0,1,1,0,3,0
https://www.amazon.com/terms?id=12345,0,37,14,0,0,0,0,1,2,5,2,0,6,1,0,3,0
https://cloudflare.com/features?page=1,0,38,14,0,0,0,0,1,1,1,2,0,9,1,0,3,0
https://medium.com/blog,0,23,10,0,0,0,0,1,1,0,0,0,5,0,0,3,0
https://www.stripe.com/signup?sort=newest,0,41,14,0,0,0,0,1,2,0,2,0,7,1,0,3,0
http://linkedin-verify.info/confirm,1,35,20,0,0,0,1,0,1,0,0,0,8,0,0,4,0
http://free-iphone.gq/claim-now,1,31,14,0,0,0,1,0,1,0,0,0,10,0,0,2,1
https://pinterest.com/help?utm_source=google,0,44,13,0,0,0,0,1,1,0,2,0,5,1,1,3,0
http://facebook-security.tk/verify,1,34,20,0,0,0,1,0,1,0,0,0,7,0,0,2,1
http://microsoft-account.ml/signin,1,34,20,0,0,0,1,0,1,0,0,0,7,0,0,2,1
http://legitimate-site.com//http://test99.top/phishing,1,54,19,0,0,1,1,0,2,2,0,0,28,0,0,3,0
http://login.paypal.com.srv001.cf/signin,1,40,26,0,0,0,0,0,4,3,0,3,7,0,0,2,1
http://coursera.org/en/home?ref=homepage,0,40,12,0,0,0,0,0,1,0,2,0,8,1,0,3,0
http://microsoft-account.gq/signin,1,34,20,0,0,0,1,0,1,0,0,0,7,0,0,2,1
http://legitimate-site.com//http://host88.club/phishing,1,55,19,0,0,1,1,0,2,2,0,0,29,0,0,3,0
https://www.quora.com/support?utm_source=google,0,47,13,0,0,0,0,1,2,0,2,0,8,1,0,3,0
http://free-iphone.ml/claim-now,1,31,14,0,0,0,1,0,1,0,0,0,10,0,0,2,1
http://185.121.228.50/secure-login.php,1,38,14,1,0,0,0,0,4,11,0,2,17,0,0,2,0
https://tripadvisor.com/docs?tab=overview,0,41,15,0,0,0,0,1,1,0,2,0,5,1,0,3,0
http://legitimate-site.com//http://hack3r.biz/phishing,1,54,19,0,0,1,1,0,2,1,0,0,28,0,0,3,0
http://www.paypal.com@web555.top/login,1,38,25,0,1,0,0,0,3,3,1,1,6,0,0,3,1
https://cloudflare.com/api?category=tech,0,40,14,0,0,0,0,1,1,0,2,0,4,1,0,3,0
https://www.pinterest.com?q=python,0,34,17,0,0,0,0,1,2,0,2,0,0,1,1,3,0
https://tripadvisor.com/?category=tech,0,38,15,0,0,0,0,1,1,0,2,0,1,1,0,3,0
https://amazon.com/features,0,27,10,0,0,0,0,1,1,0,0,0,9,0,0,3,0
https://coursera.org/privacy?sort=newest,0,40,12,0,0,0,0,1,1,0,2,0,8,1,0,3,0
http://secure.bank.com@qwerty.buzz/transfer,1,43,27,0,1,0,0,0,3,0,1,2,9,0,0,4,1
http://amazon-delivery.buzz/track,1,33,20,0,0,0,1,0,1,0,0,0,6,0,0,4,1
https://stackoverflow.com/features,0,34,17,0,0,0,0,1,1,0,0,0,9,0,0,3,0
http://google-security.gq/alert,1,31,18,0,0,0,1,0,1,0,0,0,6,0,0,2,1
http://www.paypal.com@abc123.gq/login,1,37,24,0,1,0,0,0,3,3,1,1,6,0,0,2,1
https://microsoft.com/help?page=1,0,33,13,0,0,0,0,1,1,1,2,0,5,1,1,3,0
https://www.salesforce.com/support?category=tech,0,48,18,0,0,0,0,1,2,0,2,0,8,1,0,3,0
https://www.target.com/privacy?utm_source=google,0,48,14,0,0,0,0,1,2,0,2,0,8,1,1,3,0
http://192.168.194.25/login/secure,1,34,14,1,0,0,0,0,3,11,0,2,13,0,0,2,0
http://amazon-delivery.info/track,1,33,20,0,0,0,1,0,1,0,0,0,6,0,0,4,0
http://netflix-billing.net/payment,1,34,19,0,0,0,1,0,1,0,0,0,8,0,0,3,0
https://bbc.co.uk?utm_source=google,0,35,9,0,0,0,0,1,2,0,2,1,0,1,0,2,0
http://twitter-security.com/alert,1,33,20,0,0,0,1,0,1,0,0,0,6,0,0,3,0
https://tumblr.com/search?id=12345,0,34,10,0,0,0,0,1,1,5,2,0,7,1,0,3,0
http://secure.bank.com@zz99yy.gq/transfer,1,41,25,0,1,0,0,0,3,2,1,2,9,0,0,2,1
http://secure499.ga/login430/auth686,1,36,12,0,0,0,0,0,1,9,0,0,17,0,0,2,1
https://tripadvisor.com/careers?ref=homepage,0,44,15,0,0,0,0,1,1,0,2,0,8,1,0,3,0
http://twitter-security.net/alert,1,33,20,0,0,0,1,0,1,0,0,0,6,0,0,3,0
https://www.udemy.com/privacy,0,29,13,0,0,0,0,1,2,0,0,0,8,0,0,3,0
https://ebay.com/help,0,21,8,0,0,0,0,1,1,0,0,0,5,0,0,3,0
https://bbc.co.uk/api?sort=newest,0,33,9,0,0,0,0,1,2,0,2,1,4,1,0,2,0
https://cloudflare.com/login,0,28,14,0,0,0,0,1,1,0,0,0,6,0,0,3,0
http://amazon-delivery.buzz/track,1,33,20,0,0,0,1,0,1,0,0,0,6,0,0,4,1
http://45.222.92.244/account-update,1,35,13,1,0,0,0,0,3,10,0,2,15,0,0,3,0
https://www.udemy.com/settings?lang=en,0,38,13,0,0,0,0,1,2,0,2,0,9,1,0,3,0
https://twitter.com/services?sort=newest,0,40,11,0,0,0,0,1,1,0,2,0,9,1,0,3,0
http://facebook-security.com/verify,1,35,21,0,0,0,1,0,1,0,0,0,7,0,0,3,0
https://dropbox.com/products?utm_source=google,0,46,11,0,0,0,0,1,1,0,2,0,9,1,0,3,0
http://amazon-delivery.club/track,1,33,20,0,0,0,1,0,1,0,0,0,6,0,0,4,1
http://free-login.xyz/win-alert/claim-now?id=156&ref=980&token=185,1,66,14,0,0,0,1,0,1,9,6,0,20,3,0,3,1
http://prize-winner.buzz/redeem,1,31,17,0,0,0,1,0,1,0,0,0,7,0,0,4,1
http://stackoverflow.com/news?utm_source=google,0,47,17,0,0,0,0,0,1,0,2,0,5,1,0,3,0
http://facebook-security.org/verify,1,35,21,0,0,0,1,0,1,0,0,0,7,0,0,3,0
http://twitter.com/privacy?tab=overview,0,39,11,0,0,0,0,0,1,0,2,0,8,1,0,3,0
https://www.nytimes.com/signup,0,30,15,0,0,0,0,1,2,0,0,0,7,0,0,3,0
https://www.apple.com/tr/giris?ref=homepage,0,43,13,0,0,0,0,1,2,0,2,0,9,1,0,3,0
http://secure.apple.com.xk9f2m.top/verify,1,41,27,0,0,0,0,0,4,2,0,3,7,0,0,3,1
http://172.16.66.44/bank/verify,1,31,12,1,0,0,0,0,3,9,0,2,12,0,0,2,0
http://45.52.69.193/account-update,1,34,12,1,0,0,0,0,3,9,0,2,15,0,0,3,0
https://apple.com/help,0,22,9,0,0,0,0,1,1,0,0,0,5,0,0,3,0
http://account.google.com.web555.ga/auth,1,40,28,0,0,0,0,0,4,3,0,3,5,0,0,2,1
https://target.com/,0,19,10,0,0,0,0,1,1,0,0,0,1,0,1,3,0
https://github.com/about?tab=overview,0,37,10,0,0,0,0,1,1,0,2,0,6,1,0,3,0
http://twitter-security.ga/alert,1,32,19,0,0,0,1,0,1,0,0,0,6,0,0,2,1
http://prize-winner.xyz/redeem,1,30,16,0,0,0,1,0,1,0,0,0,7,0,0,3,1
https://www.linkedin.com/terms?tab=overview,0,43,16,0,0,0,0,1,2,0,2,0,6,1,0,3,0
http://secure.apple.com.cdn456.ml/verify,1,40,26,0,0,0,0,0,4,3,0,3,7,0,0,2,1
http://microsoft-account.club/signin,1,36,22,0,0,0,1,0,1,0,0,0,7,0,0,4,1
https://facebook.com/careers?category=tech,0,42,12,0,0,0,0,1,1,0,2,0,8,1,0,3,0
http://528514497.org/verify-account/854,1,39,13,0,0,0,0,0,1,12,0,0,19,0,0,3,0
https://salesforce.com/news,0,27,14,0,0,0,0,1,1,0,0,0,5,0,0,3,0
https://www.github.com/careers?lang=en,0,38,14,0,0,0,0,1,2,0,2,0,8,1,0,3,0
http://linkedin-verify.com/confirm,1,34,19,0,0,0,1,0,1,0,0,0,8,0,0,3,0
https://www.tripadvisor.com/profile?page=1,0,42,19,0,0,0,0,1,2,1,2,0,8,1,0,3,0
http://192.168.136.56/login/secure,1,34,14,1,0,0,0,0,3,11,0,2,13,0,0,2,0
https://www.adobe.com/profile?sort=newest,0,41,13,0,0,0,0,1,2,0,2,0,8,1,0,3,0
http://172.16.118.92/bank/verify,1,32,13,1,0,0,0,0,3,10,0,2,12,0,0,2,0
http://login.paypal.com.proxy7.tk/signin,1,40,26,0,0,0,0,0,4,1,0,3,7,0,0,2,1
http://account.google.com.host88.ml/auth,1,40,28,0,0,0,0,0,4,2,0,3,5,0,0,2,1
http://10.0.218.88/paypal/signin,1,32,11,1,0,0,0,0,3,8,0,2,14,0,0,2,0
http://185.31.71.37/secure-login.php,1,36,12,1,0,0,0,0,4,9,0,2,17,0,0,2,0
https://yelp.com/faq,0,20,8,0,0,0,0,1,1,0,0,0,4,0,0,3,0
http://linkedin-verify.cf/confirm,1,33,18,0,0,0,1,0,1,0,0,0,8,0,0,2,1
http://suspicious-update-alert-locked.org/login/secure/update/verify/account,1,76,34,0,0,0,1,0,1,0,0,0,35,0,0,3,0
https://www.quora.com/about,0,27,13,0,0,0,0,1,2,0,0,0,6,0,0,3,0
http://172.16.26.161/bank/verify,1,32,13,1,0,0,0,0,3,10,0,2,12,0,0,3,0
http://secure206.tk/login310/auth642,1,36,12,0,0,0,0,0,1,9,0,0,17,0,0,2,1
https://www.instagram.com/terms,0,31,17,0,0,0,0,1,2,0,0,0,6,0,0,3,0
https://twitter.com/docs,0,24,11,0,0,0,0,1,1,0,0,0,5,0,0,3,0
http://free-login.gq/win-wallet/claim-now?id=127&ref=393&token=596,1,66,13,0,0,0,1,0,1,9,6,0,21,3,0,2,1
http://paypal-secure-login.xyz/update,1,37,23,0,0,0,1,0,1,0,0,0,7,0,0,3,1
http://netflix-billing.net/payment,1,34,19,0,0,0,1,0,1,0,0,0,8,0,0,3,0
https://www.spotify.com/search,0,30,15,0,0,0,0,1,2,0,0,0,7,0,0,3,0
https://python.org/faq?category=tech,0,36,10,0,0,0,0,1,1,0,2,0,4,1,0,3,0
http://legitimate-site.com//http://user42.top/phishing,1,54,19,0,0,1,1,0,2,2,0,0,28,0,0,3,0
https://zoom.us/blog,0,20,7,0,0,0,0,1,1,0,0,0,5,0,0,2,0
http://google-security.org/alert,1,32,19,0,0,0,1,0,1,0,0,0,6,0,0,3,0
http://google-security.top/alert,1,32,19,0,0,0,1,0,1,0,0,0,6,0,0,3,1
http://account-verify.buzz/confirm,1,34,19,0,0,0,1,0,1,0,0,0,8,0,0,4,1
http://google-security.club/alert,1,33,20,0,0,0,1,0,1,0,0,0,6,0,0,4,1
http://python.org/pricing?utm_source=google,0,43,10,0,0,0,0,0,1,0,2,0,8,1,0,3,0
http://www.slack.com/help?category=tech,0,39,13,0,0,0,0,0,2,0,2,0,5,1,0,3,0
https://google.com/tr/giris?sort=newest,0,39,10,0,0,0,0,1,1,0,2,0,9,1,0,3,0
http://free-iphone.gq/claim-now,1,31,14,0,0,0,1,0,1,0,0,0,10,0,0,2,1
https://www.heroku.com/search?sort=newest,0,41,14,0,0,0,0,1,2,0,2,0,7,1,0,3,0
https://twitch.tv?q=python,0,26,9,0,0,0,0,1,1,0,2,0,0,1,0,2,0
http://185.132.50.197/secure-login.php,1,38,14,1,0,0,0,0,4,11,0,2,17,0,0,3,0
https://stripe.com/profile?id=12345,0,35,10,0,0,0,0,1,1,5,2,0,8,1,0,3,0
https://www.bestbuy.com,0,23,15,0,0,0,0,1,2,0,0,0,0,0,0,3,0
http://185.231.50.82/secure-login.php,1,37,13,1,0,0,0,0,4,10,0,2,17,0,0,2,0
http://twitter-security.com/alert,1,33,20,0,0,0,1,0,1,0,0,0,6,0,0,3,0
http://google-security.cf/alert,1,31,18,0,0,0,1,0,1,0,0,0,6,0,0,2,1
https://paypal.com/pricing?lang=en,0,34,10,0,0,0,0,1,1,0,2,0,8,1,0,3,0
http://secure526.org/login704/auth594,1,37,13,0,0,0,0,0,1,9,0,0,17,0,0,3,0
http://google-security.com/alert,1,32,19,0,0,0,1,0,1,0,0,0,6,0,0,3,0
https://cloudflare.com/privacy,0,30,14,0,0,0,0,1,1,0,0,0,8,0,0,3,0
http://login.paypal.com.web555.org/signin,1,41,27,0,0,0,0,0,4,3,0,3,7,0,0,3,0
https://www.linkedin.com/features?page=1,0,40,16,0,0,0,0,1,2,1,2,0,9,1,0,3,0
http://185.67.168.81/secure-login.php,1,37,13,1,0,0,0,0,4,10,0,2,17,0,0,2,0
http://salesforce.com/settings?sort=newest,0,42,14,0,0,0,0,0,1,0,2,0,9,1,0,3,0
https://www.walmart.com/about?sort=newest,0,41,15,0,0,0,0,1,2,0,2,0,6,1,1,3,0
http://netflix-billing.gq/payment,1,33,18,0,0,0,1,0,1,0,0,0,8,0,0,2,1
https://www.pinterest.com/services,0,34,17,0,0,0,0,1,2,0,0,0,9,0,1,3,0
http://account-verify.buzz/confirm,1,34,19,0,0,0,1,0,1,0,0,0,8,0,0,4,1
http://prize-winner.ga/redeem,1,29,15,0,0,0,1,0,1,0,0,0,7,0,0,2,1
http://www.paypal.com@hack3r.net/login,1,38,25,0,1,0,0,0,3,1,1,1,6,0,0,3,0
http://secure998.net/login902/auth644,1,37,13,0,0,0,0,0,1,9,0,0,17,0,0,3,0
http://twitter-security.org/alert,1,33,20,0,0,0,1,0,1,0,0,0,6,0,0,3,0
http://microsoft-account.top/signin,1,35,21,0,0,0,1,0,1,0,0,0,7,0,0,3,1
http://45.181.36.133/account-update,1,35,13,1,0,0,0,0,3,10,0,2,15,0,0,3,0
http://secure.apple.com.zz99yy.com/verify,1,41,27,0,0,0,0,0,4,2,0,3,7,0,0,3,0
https://pinterest.com/signup,0,28,13,0,0,0,0,1,1,0,0,0,7,0,1,3,0
http://185.4.106.26/secure-login.php,1,36,12,1,0,0,0,0,4,9,0,2,17,0,0,2,0
https://www.instagram.com/privacy?tab=overview,0,46,17,0,0,0,0,1,2,0,2,0,8,1,0,3,0
http://391843949.cf/verify-account/672,1,38,12,0,0,0,0,0,1,12,0,0,19,0,0,2,1
https://wordpress.org/news,0,26,13,0,0,0,0,1,1,0,0,0,5,0,0,3,0
http://tinyurl.com/data77,1,25,11,0,0,0,0,0,1,2,0,0,7,0,1,3,0
https://www.microsoft.com/settings?ref=homepage,0,47,17,0,0,0,0,1,2,0,2,0,9,1,1,3,0
http://suspicious-login-update-bank.ml/login/secure/update/verify/account,1,73,31,0,0,0,1,0,1,0,0,0,35,0,0,2,1
http://172.16.134.28/bank/verify,1,32,13,1,0,0,0,0,3,10,0,2,12,0,0,2,0
https://target.com/profile,0,26,10,0,0,0,0,1,1,0,0,0,8,0,1,3,0
http://amazon-delivery.xyz/track,1,32,19,0,0,0,1,0,1,0,0,0,6,0,0,3,1
https://www.instagram.com/news?id=12345,0,39,17,0,0,0,0,1,2,5,2,0,5,1,0,3,0
https://coursera.org/terms?lang=en,0,34,12,0,0,0,0,1,1,0,2,0,6,1,0,3,0
http://10.0.13.177/paypal/signin,1,32,11,1,0,0,0,0,3,8,0,2,14,0,0,3,0
https://cnn.com/search?page=1,0,29,7,0,0,0,0,1,1,1,2,0,7,1,0,3,0
https://www.twitch.tv?page=1,0,28,13,0,0,0,0,1,2,1,2,0,0,1,0,2,0
http://10.0.159.24/paypal/signin,1,32,11,1,0,0,0,0,3,8,0,2,14,0,0,2,0
http://netflix-billing.top/payment,1,34,19,0,0,0,1,0,1,0,0,0,8,0,0,3,1
http://free-iphone.club/claim-now,1,33,16,0,0,0,1,0,1,0,0,0,10,0,0,4,1
https://www.tripadvisor.com/products?ref=homepage,0,49,19,0,0,0,0,1,2,0,2,0,9,1,0,3,0
http://twitter-security.org/alert,1,33,20,0,0,0,1,0,1,0,0,0,6,0,0,3,0
http://netflix-billing.com/payment,1,34,19,0,0,0,1,0,1,0,0,0,8,0,0,3,0
https://openai.com/pricing,0,26,10,0,0,0,0,1,1,0,0,0,8,0,0,3,0
https://twitch.tv/search?q=python,0,33,9,0,0,0,0,1,1,0,2,0,7,1,0,2,0
http://security-alert.xyz/action,1,32,18,0,0,0,1,0,1,0,0,0,7,0,0,3,1
https://dropbox.com/features?ref=homepage,0,41,11,0,0,0,0,1,1,0,2,0,9,1,0,3,0
https://reddit.com/products?q=python,0,36,10,0,0,0,0,1,1,0,2,0,9,1,1,3,0
https://stackoverflow.com/terms?ref=homepage,0,44,17,0,0,0,0,1,1,0,2,0,6,1,0,3,0
http://bit.ly/qwerty,1,20,6,0,0,0,0,0,1,0,0,0,7,0,1,2,0
http://twitter-security.info/alert,1,34,21,0,0,0,1,0,1,0,0,0,6,0,0,4,0
https://reddit.com/about?q=python,0,33,10,0,0,0,0,1,1,0,2,0,6,1,1,3,0
https://cloudflare.com/en/home?utm_source=google,0,48,14,0,0,0,0,1,1,0,2,0,8,1,0,3,0
http://185.190.239.183/secure-login.php,1,39,15,1,0,0,0,0,4,12,0,2,17,0,0,3,0
http://free-locked.ml/win-bank/claim-now?id=873&ref=308&token=523,1,65,14,0,0,0,1,0,1,9,6,0,19,3,0,2,1
http://mozilla.org/support,0,26,11,0,0,0,0,0,1,0,0,0,8,0,0,3,0
https://cloudflare.com/settings?category=tech,0,45,14,0,0,0,0,1,1,0,2,0,9,1,0,3,0
http://microsoft-account.buzz/signin,1,36,22,0,0,0,1,0,1,0,0,0,7,0,0,4,1
https://www.amazon.com/,0,23,14,0,0,0,0,1,2,0,0,0,1,0,0,3,0
http://amazon-delivery.net/track,1,32,19,0,0,0,1,0,1,0,0,0,6,0,0,3,0
http://facebook-security.org/verify,1,35,21,0,0,0,1,0,1,0,0,0,7,0,0,3,0
http://free-secure.ml/win-wallet/claim-now?id=321&ref=559&token=721,1,67,14,0,0,0,1,0,1,9,6,0,21,3,0,2,1
https://www.medium.com/en/home,0,30,14,0,0,0,0,1,2,0,0,0,8,0,0,3,0
http://legitimate-site.com//http://srv001.ga/phishing,1,53,19,0,0,1,1,0,2,3,0,0,27,0,0,3,0
https://www.udemy.com/features,0,30,13,0,0,0,0,1,2,0,0,0,9,0,0,3,0
https://zoom.us/en/home?sort=newest,0,35,7,0,0,0,0,1,1,0,2,0,8,1,0,2,0
http://318588179.top/verify-account/235,1,39,13,0,0,0,0,0,1,12,0,0,19,0,0,3,1
http://suspicious-urgent-suspended-confirm.biz/login/secure/update/verify/account,1,81,39,0,0,0,1,0,1,0,0,0,35,0,0,3,0
https://www.reddit.com/pricing?utm_source=google,0,48,14,0,0,0,0,1,2,0,2,0,8,1,1,3,0
https://www.yelp.com/services?ref=homepage,0,42,12,0,0,0,0,1,2,0,2,0,9,1,0,3,0
https://pinterest.com/pricing?sort=newest,0,41,13,0,0,0,0,1,1,0,2,0,8,1,1,3,0
https://www.openai.com/contact,0,30,14,0,0,0,0,1,2,0,0,0,8,0,0,3,0
http://tinyurl.com/data77,1,25,11,0,0,0,0,0,1,2,0,0,7,0,1,3,0
http://linkedin-verify.ga/confirm,1,33,18,0,0,0,1,0,1,0,0,0,8,0,0,2,1
http://google-security.net/alert,1,32,19,0,0,0,1,0,1,0,0,0,6,0,0,3,0
http://secure.bank.com@host88.ga/transfer,1,41,25,0,1,0,0,0,3,2,1,2,9,0,0,2,1
https://wikipedia.org/?ref=homepage,0,35,13,0,0,0,0,1,1,0,2,0,1,1,0,3,0
http://free-locked.info/win-crypto/claim-now?id=288&ref=610&token=534,1,69,16,0,0,0,1,0,1,9,6,0,21,3,0,4,0
https://stripe.com/blog,0,23,10,0,0,0,0,1,1,0,0,0,5,0,0,3,0
https://www.instagram.com/pricing?q=python,0,42,17,0,0,0,0,1,2,0,2,0,8,1,0,3,0
https://www.apple.com/products,0,30,13,0,0,0,0,1,2,0,0,0,9,0,0,3,0
https://mozilla.org/contact?q=python,0,36,11,0,0,0,0,1,1,0,2,0,8,1,0,3,0
https://youtube.com/?id=12345,0,29,11,0,0,0,0,1,1,5,2,0,1,1,0,3,0
http://www.paypal.com@user42.club/login,1,39,26,0,1,0,0,0,3,2,1,1,6,0,0,4,1
https://amazon.com/faq?id=12345,0,31,10,0,0,0,0,1,1,5,2,0,4,1,0,3,0
https://www.wikipedia.org/support,0,33,17,0,0,0,0,1,2,0,0,0,8,0,0,3,0
https://www.heroku.com/dashboard?q=python,0,41,14,0,0,0,0,1,2,0,2,0,10,1,0,3,0
http://netflix-billing.club/payment,1,35,20,0,0,0,1,0,1,0,0,0,8,0,0,4,1
http://114429875.ml/verify-account/953,1,38,12,0,0,0,0,0,1,12,0,0,19,0,0,2,1
https://www.medium.com/tr/giris?utm_source=google,0,49,14,0,0,0,0,1,2,0,2,0,9,1,0,3,0
http://login-update.xyz/secure,1,30,16,0,0,0,1,0,1,0,0,0,7,0,0,3,1
http://login-update.cf/secure,1,29,15,0,0,0,1,0,1,0,0,0,7,0,0,2,1
https://github.com/tr/giris?utm_source=google,0,45,10,0,0,0,0,1,1,0,2,0,9,1,0,3,0
https://pinterest.com/faq,0,25,13,0,0,0,0,1,1,0,0,0,4,0,1,3,0
https://youtube.com/login?page=1,0,32,11,0,0,0,0,1,1,1,2,0,6,1,0,3,0
http://paypal-secure-login.work/update,1,38,24,0,0,0,1,0,1,0,0,0,7,0,0,4,1
http://www.etsy.com/products,0,28,12,0,0,0,0,0,2,0,0,0,9,0,0,3,0
http://free-iphone.top/claim-now,1,32,15,0,0,0,1,0,1,0,0,0,10,0,0,3,1
https://www.stripe.com/products,0,31,14,0,0,0,0,1,2,0,0,0,9,0,0,3,0
http://microsoft-account.com/signin,1,35,21,0,0,0,1,0,1,0,0,0,7,0,1,3,0
http://netflix-billing.club/payment,1,35,20,0,0,0,1,0,1,0,0,0,8,0,0,4,1
https://slack.com/help?q=python,0,31,9,0,0,0,0,1,1,0,2,0,5,1,0,3,0
https://wikipedia.org/settings,0,30,13,0,0,0,0,1,1,0,0,0,9,0,0,3,0
http://secure180.club/login504/auth974,1,38,14,0,0,0,0,0,1,9,0,0,17,0,0,4,1
http://twitter-security.gq/alert,1,32,19,0,0,0,1,0,1,0,0,0,6,0,0,2,1
http://linkedin-verify.gq/confirm,1,33,18,0,0,0,1,0,1,0,0,0,8,0,0,2,1
https://target.com/pricing?utm_source=google,0,44,10,0,0,0,0,1,1,0,2,0,8,1,1,3,0
https://apple.com/login?utm_source=google,0,41,9,0,0,0,0,1,1,0,2,0,6,1,0,3,0
https://www.airbnb.com/en/home?id=12345,0,39,14,0,0,0,0,1,2,5,2,0,8,1,0,3,0
https://kaggle.com/terms?category=tech,0,38,10,0,0,0,0,1,1,0,2,0,6,1,0,3,0
https://linkedin.com/terms?page=1,0,33,12,0,0,0,0,1,1,1,2,0,6,1,0,3,0
https://netflix.com/tr/giris?tab=overview,0,41,11,0,0,0,0,1,1,0,2,0,9,1,0,3,0
http://free-payment.buzz/win-crypto/claim-now?id=461&ref=628&token=648,1,70,17,0,0,0,1,0,1,9,6,0,21,3,0,4,1
https://apple.com/tr/giris?tab=overview,0,39,9,0,0,0,0,1,1,0,2,0,9,1,0,3,0
https://yelp.com/pricing?category=tech,0,38,8,0,0,0,0,1,1,0,2,0,8,1,0,3,0
https://www.medium.com/pricing?ref=homepage,0,43,14,0,0,0,0,1,2,0,2,0,8,1,0,3,0
https://shopify.com/careers,0,27,11,0,0,0,0,1,1,0,0,0,8,0,0,3,0
https://tumblr.com/features,0,27,10,0,0,0,0,1,1,0,0,0,9,0,0,3,0
https://twitch.tv/help?id=12345,0,31,9,0,0,0,0,1,1,5,2,0,5,1,0,2,0
http://prize-winner.club/redeem,1,31,17,0,0,0,1,0,1,0,0,0,7,0,0,4,1
http://10.0.45.50/paypal/signin,1,31,10,1,0,0,0,0,3,7,0,2,14,0,0,2,0
http://apple-id-verify.buzz/confirm,1,35,20,0,0,0,1,0,1,0,0,0,8,0,0,4,1
http://facebook-security.buzz/verify,1,36,22,0,0,0,1,0,1,0,0,0,7,0,0,4,1
http://bit.ly/temp01,1,20,6,0,0,0,0,0,1,2,0,0,7,0,1,2,0
https://www.etsy.com/pricing?tab=overview,0,41,12,0,0,0,0,1,2,0,2,0,8,1,0,3,0
https://www.paypal.com/en/home?page=1,0,37,14,0,0,0,0,1,2,1,2,0,8,1,0,3,0
http://172.16.85.21/bank/verify,1,31,12,1,0,0,0,0,3,9,0,2,12,0,0,2,0
https://www.python.org/dashboard?utm_source=google,0,50,14,0,0,0,0,1,2,0,2,0,10,1,0,3,0
http://instagram-support.xyz/help,1,33,21,0,0,0,1,0,1,0,0,0,5,0,0,3,1
https://udemy.com/products?tab=overview,0,39,9,0,0,0,0,1,1,0,2,0,9,1,0,3,0
https://bestbuy.com/terms,0,25,11,0,0,0,0,1,1,0,0,0,6,0,0,3,0
https://facebook.com/en/home?ref=homepage,0,41,12,0,0,0,0,1,1,0,2,0,8,1,0,3,0
http://account-verify.club/confirm,1,34,19,0,0,0,1,0,1,0,0,0,8,0,0,4,1
http://secure.bank.com@host88.ga/transfer,1,41,25,0,1,0,0,0,3,2,1,2,9,0,0,2,1
http://account.google.com.xk9f2m.club/auth,1,42,30,0,0,0,0,0,4,2,0,3,5,0,0,4,1
https://github.com/pricing?ref=homepage,0,39,10,0,0,0,0,1,1,0,2,0,8,1,0,3,0
http://192.168.180.44/login/secure,1,34,14,1,0,0,0,0,3,11,0,2,13,0,0,2,0
http://prize-winner.work/redeem,1,31,17,0,0,0,1,0,1,0,0,0,7,0,0,4,1
http://login.paypal.com.proxy7.xyz/signin,1,41,27,0,0,0,0,0,4,1,0,3,7,0,0,3,1
https://www.cnn.com/profile,0,27,11,0,0,0,0,1,2,0,0,0,8,0,0,3,0
http://google-security.tk/alert,1,31,18,0,0,0,1,0,1,0,0,0,6,0,0,2,1
https://www.reddit.com/contact,0,30,14,0,0,0,0,1,2,0,0,0,8,0,1,3,0
https://kaggle.com/login?page=1,0,31,10,0,0,0,0,1,1,1,2,0,6,1,0,3,0
http://amazon-delivery.biz/track,1,32,19,0,0,0,1,0,1,0,0,0,6,0,0,3,0
https://wordpress.org/about?tab=overview,0,40,13,0,0,0,0,1,1,0,2,0,6,1,0,3,0
http://login.paypal.com.web555.gq/signin,1,40,26,0,0,0,0,0,4,3,0,3,7,0,0,2,1
https://airbnb.com/about,0,24,10,0,0,0,0,1,1,0,0,0,6,0,0,3,0
http://192.168.110.23/login/secure,1,34,14,1,0,0,0,0,3,11,0,2,13,0,0,2,0
https://wordpress.org/search?id=12345,0,37,13,0,0,0,0,1,1,5,2,0,7,1,0,3,0
https://linkedin.com/help?ref=homepage,0,38,12,0,0,0,0,1,1,0,2,0,5,1,0,3,0
http://45.63.23.237/account-update,1,34,12,1,0,0,0,0,3,9,0,2,15,0,0,3,0
https://www.airbnb.com/news?tab=overview,0,40,14,0,0,0,0,1,2,0,2,0,5,1,0,3,0
https://medium.com/,0,19,10,0,0,0,0,1,1,0,0,0,1,0,0,3,0
http://192356431.com/verify-account/808,1,39,13,0,0,0,0,0,1,12,0,0,19,0,0,3,0
http://paypal-secure-login.top/update,1,37,23,0,0,0,1,0,1,0,0,0,7,0,0,3,1
http://instagram-support.top/help,1,33,21,0,0,0,1,0,1,0,0,0,5,0,0,3,1
https://salesforce.com/pricing?q=python,0,39,14,0,0,0,0,1,1,0,2,0,8,1,0,3,0
https://www.reddit.com/,0,23,14,0,0,0,0,1,2,0,0,0,1,0,1,3,0
http://185.49.229.227/secure-login.php,1,38,14,1,0,0,0,0,4,11,0,2,17,0,0,3,0
http://nytimes.com/en/home?tab=overview,0,39,11,0,0,0,0,0,1,0,2,0,8,1,0,3,0
http://free-login.club/win-wallet/claim-now?id=920&ref=793&token=420,1,68,15,0,0,0,1,0,1,9,6,0,21,3,0,4,1
https://target.com/search?category=tech,0,39,10,0,0,0,0,1,1,0,2,0,7,1,1,3,0
https://www.apple.com/careers,0,29,13,0,0,0,0,1,2,0,0,0,8,0,0,3,0
http://185.144.182.199/secure-login.php,1,39,15,1,0,0,0,0,4,12,0,2,17,0,0,3,0
http://amazon-delivery.club/track,1,33,20,0,0,0,1,0,1,0,0,0,6,0,0,4,1
http://tinyurl.com/abc123,1,25,11,0,0,0,0,0,1,3,0,0,7,0,1,3,0
https://adobe.com/news,0,22,9,0,0,0,0,1,1,0,0,0,5,0,0,3,0
https://www.twitch.tv/signup?sort=newest,0,40,13,0,0,0,0,1,2,0,2,0,7,1,0,2,0
http://paypal-secure-login.ga/update,1,36,22,0,0,0,1,0,1,0,0,0,7,0,0,2,1
http://prize-winner.work/redeem,1,31,17,0,0,0,1,0,1,0,0,0,7,0,0,4,1
http://microsoft-account.ga/signin,1,34,20,0,0,0,1,0,1,0,0,0,7,0,0,2,1
https://www.spotify.com/api?lang=en,0,35,15,0,0,0,0,1,2,0,2,0,4,1,0,3,0
http://tinyurl.com/cdn456,1,25,11,0,0,0,0,0,1,3,0,0,7,0,1,3,0
https://www.reddit.com/signup?sort=newest,0,41,14,0,0,0,0,1,2,0,2,0,7,1,1,3,0
https://www.twitter.com/privacy?ref=homepage,0,44,15,0,0,0,0,1,2,0,2,0,8,1,0,3,0
http://microsoft-account.gq/signin,1,34,20,0,0,0,1,0,1,0,0,0,7,0,0,2,1
https://slack.com/careers?ref=homepage,0,38,9,0,0,0,0,1,1,0,2,0,8,1,0,3,0
http://free-free.info/win-free/claim-now?id=911&ref=593&token=718,1,65,14,0,0,0,1,0,1,9,6,0,19,3,0,4,0
http://legitimate-site.com//http://test99.xyz/phishing,1,54,19,0,0,1,1,0,2,2,0,0,28,0,0,3,0
http://facebook-security.cf/verify,1,34,20,0,0,0,1,0,1,0,0,0,7,0,0,2,1
http://suspicious-limited-prize-crypto.org/login/secure/update/verify/account,1,77,35,0,0,0,1,0,1,0,0,0,35,0,0,3,0
https://www.medium.com/,0,23,14,0,0,0,0,1,2,0,0,0,1,0,0,3,0
http://amazon-delivery.ml/track,1,31,18,0,0,0,1,0,1,0,0,0,6,0,0,2,1
https://www.linkedin.com/api?category=tech,0,42,16,0,0,0,0,1,2,0,2,0,4,1,0,3,0
https://bestbuy.com/signup?category=tech,0,40,11,0,0,0,0,1,1,0,2,0,7,1,0,3,0
http://login.paypal.com.proxy7.gq/signin,1,40,26,0,0,0,0,0,4,1,0,3,7,0,0,2,1
http://suspicious-winner-winner-login.ga/login/secure/update/verify/account,1,75,33,0,0,0,1,0,1,0,0,0,35,0,0,2,1
http://free-iphone.ga/claim-now,1,31,14,0,0,0,1,0,1,0,0,0,10,0,0,2,1
http://account-verify.work/confirm,1,34,19,0,0,0,1,0,1,0,0,0,8,0,0,4,1
http://bit.ly/data77,1,20,6,0,0,0,0,0,1,2,0,0,7,0,1,2,0
http://account.google.com.host88.tk/auth,1,40,28,0,0,0,0,0,4,2,0,3,5,0,0,2,1
https://openai.com/about,0,24,10,0,0,0,0,1,1,0,0,0,6,0,0,3,0
https://www.amazon.com/news?category=tech,0,41,14,0,0,0,0,1,2,0,2,0,5,1,0,3,0
https://booking.com/help?ref=homepage,0,37,11,0,0,0,0,1,1,0,2,0,5,1,0,3,0
https://www.bbc.co.uk,0,21,13,0,0,0,0,1,3,0,0,1,0,0,0,2,0
http://paypal-secure-login.biz/update,1,37,23,0,0,0,1,0,1,0,0,0,7,0,0,3,0
http://login.paypal.com.user42.org/signin,1,41,27,0,0,0,0,0,4,2,0,3,7,0,0,3,0
https://www.facebook.com/login,0,30,16,0,0,0,0,1,2,0,0,0,6,0,0,3,0
http://415367468.tk/verify-account/625,1,38,12,0,0,0,0,0,1,12,0,0,19,0,0,2,1
http://882146707.xyz/verify-account/277,1,39,13,0,0,0,0,0,1,12,0,0,19,0,0,3,1
http://instagram-support.club/help,1,34,22,0,0,0,1,0,1,0,0,0,5,0,0,4,1
http://twitter-security.biz/alert,1,33,20,0,0,0,1,0,1,0,0,0,6,0,0,3,0
http://secure.apple.com.temp01.top/verify,1,41,27,0,0,0,0,0,4,2,0,3,7,0,0,3,1
http://www.youtube.com/profile,0,30,15,0,0,0,0,0,2,0,0,0,8,0,0,3,0
http://login-update.ga/secure,1,29,15,0,0,0,1,0,1,0,0,0,7,0,0,2,1
http://account.google.com.hack3r.tk/auth,1,40,28,0,0,0,0,0,4,1,0,3,5,0,0,2,1
https://www.udemy.com/terms,0,27,13,0,0,0,0,1,2,0,0,0,6,0,0,3,0
http://45.142.240.111/account-update,1,36,14,1,0,0,0,0,3,11,0,2,15,0,0,3,0
https://www.tumblr.com/api,0,26,14,0,0,0,0,1,2,0,0,0,4,0,0,3,0
https://www.spotify.com/pricing,0,31,15,0,0,0,0,1,2,0,0,0,8,0,0,3,0
http://google-security.top/alert,1,32,19,0,0,0,1,0,1,0,0,0,6,0,0,3,1
http://185.88.54.209/secure-login.php,1,37,13,1,0,0,0,0,4,10,0,2,17,0,0,3,0
http://secure.bank.com@srv001.buzz/transfer,1,43,27,0,1,0,0,0,3,3,1,2,9,0,0,4,1
https://coursera.org/careers?id=12345,0,37,12,0,0,0,0,1,1,5,2,0,8,1,0,3,0
http://login.paypal.com.host88.club/signin,1,42,28,0,0,0,0,0,4,2,0,3,7,0,0,4,1
http://netflix.com/signup?utm_source=google,0,43,11,0,0,0,0,0,1,0,2,0,7,1,0,3,0
https://nytimes.com/contact,0,27,11,0,0,0,0,1,1,0,0,0,8,0,0,3,0
http://amazon-delivery.cf/track,1,31,18,0,0,0,1,0,1,0,0,0,6,0,0,2,1
https://www.spotify.com/faq,0,27,15,0,0,0,0,1,2,0,0,0,4,0,0,3,0
https://salesforce.com/blog,0,27,14,0,0,0,0,1,1,0,0,0,5,0,0,3,0
https://adobe.com/features?tab=overview,0,39,9,0,0,0,0,1,1,0,2,0,9,1,0,3,0
http://bit.ly/user42,1,20,6,0,0,0,0,0,1,2,0,0,7,0,1,2,0
http://apple-id-verify.ga/confirm,1,33,18,0,0,0,1,0,1,0,0,0,8,0,0,2,1
http://apple-id-verify.xyz/confirm,1,34,19,0,0,0,1,0,1,0,0,0,8,0,0,3,1
https://www.github.com/api,0,26,14,0,0,0,0,1,2,0,0,0,4,0,0,3,0
https://www.openai.com/about?id=12345,0,37,14,0,0,0,0,1,2,5,2,0,6,1,0,3,0
http://login-update.tk/secure,1,29,15,0,0,0,1,0,1,0,0,0,7,0,0,2,1
https://www.medium.com/products,0,31,14,0,0,0,0,1,2,0,0,0,9,0,0,3,0
http://www.paypal.com@web555.gq/login,1,37,24,0,1,0,0,0,3,3,1,1,6,0,0,2,1
http://walmart.com/features?q=python,0,36,11,0,0,0,0,0,1,0,2,0,9,1,1,3,0
http://185.12.109.89/secure-login.php,1,37,13,1,0,0,0,0,4,10,0,2,17,0,0,2,0
https://www.wikipedia.org/contact?sort=newest,0,45,17,0,0,0,0,1,2,0,2,0,8,1,0,3,0
https://www.medium.com/privacy?lang=en,0,38,14,0,0,0,0,1,2,0,2,0,8,1,0,3,0
http://login-update.xyz/secure,1,30,16,0,0,0,1,0,1,0,0,0,7,0,0,3,1
https://twitch.tv/tr/giris,0,26,9,0,0,0,0,1,1,0,0,0,9,0,0,2,0
https://twitter.com/help?lang=en,0,32,11,0,0,0,0,1,1,0,2,0,5,1,0,3,0
http://login-update.ml/secure,1,29,15,0,0,0,1,0,1,0,0,0,7,0,0,2,1
http://login-update.xyz/secure,1,30,16,0,0,0,1,0,1,0,0,0,7,0,0,3,1
https://www.wikipedia.org/about?q=python,0,40,17,0,0,0,0,1,2,0,2,0,6,1,0,3,0
http://874908920.ml/verify-account/759,1,38,12,0,0,0,0,0,1,12,0,0,19,0,0,2,1
https://facebook.com/about?lang=en,0,34,12,0,0,0,0,1,1,0,2,0,6,1,0,3,0
http://prize-winner.ml/redeem,1,29,15,0,0,0,1,0,1,0,0,0,7,0,0,2,1
https://dropbox.com/terms,0,25,11,0,0,0,0,1,1,0,0,0,6,0,0,3,0
https://www.netflix.com/en/home,0,31,15,0,0,0,0,1,2,0,0,0,8,0,0,3,0
http://linkedin-verify.buzz/confirm,1,35,20,0,0,0,1,0,1,0,0,0,8,0,0,4,1
http://netflix-billing.biz/payment,1,34,19,0,0,0,1,0,1,0,0,0,8,0,0,3,0
http://account-verify.tk/confirm,1,32,17,0,0,0,1,0,1,0,0,0,8,0,0,2,1
http://account-verify.ga/confirm,1,32,17,0,0,0,1,0,1,0,0,0,8,0,0,2,1
https://pinterest.com,0,21,13,0,0,0,0,1,1,0,0,0,0,0,1,3,0
https://salesforce.com/contact,0,30,14,0,0,0,0,1,1,0,0,0,8,0,0,3,0
http://heroku.com/docs?id=12345,0,31,10,0,0,0,0,0,1,5,2,0,5,1,0,3,0
https://www.stripe.com/en/home,0,30,14,0,0,0,0,1,2,0,0,0,8,0,0,3,0
https://www.cnn.com/products,0,28,11,0,0,0,0,1,2,0,0,0,9,0,0,3,0
http://192.168.107.251/login/secure,1,35,15,1,0,0,0,0,3,12,0,2,13,0,0,3,0
http://login.paypal.com.qwerty.net/signin,1,41,27,0,0,0,0,0,4,0,0,3,7,0,0,3,0
https://wikipedia.org/tr/giris?ref=homepage,0,43,13,0,0,0,0,1,1,0,2,0,9,1,0,3,0
https://tripadvisor.com/products?lang=en,0,40,15,0,0,0,0,1,1,0,2,0,9,1,0,3,0
https://www.bestbuy.com/docs,0,28,15,0,0,0,0,1,2,0,0,0,5,0,0,3,0
https://paypal.com/search?id=12345,0,34,10,0,0,0,0,1,1,5,2,0,7,1,0,3,0
https://www.mozilla.org/support,0,31,15,0,0,0,0,1,2,0,0,0,8,0,0,3,0
http://paypal-secure-login.xyz/update,1,37,23,0,0,0,1,0,1,0,0,0,7,0,0,3,1
http://paypal-secure-login.tk/update,1,36,22,0,0,0,1,0,1,0,0,0,7,0,0,2,1
http://security-alert.xyz/action,1,32,18,0,0,0,1,0,1,0,0,0,7,0,0,3,1
https://www.bbc.co.uk/pricing?page=1,0,36,13,0,0,0,0,1,3,1,2,1,8,1,0,2,0
http://login.paypal.com.zz99yy.ml/signin,1,40,26,0,0,0,0,0,4,2,0,3,7,0,0,2,1
https://coursera.org/features?page=1,0,36,12,0,0,0,0,1,1,1,2,0,9,1,0,3,0
https://stripe.com/about?page=1,0,31,10,0,0,0,0,1,1,1,2,0,6,1,0,3,0
http://amazon-delivery.work/track,1,33,20,0,0,0,1,0,1,0,0,0,6,0,0,4,1
http://secure.bank.com@hack3r.tk/transfer,1,41,25,0,1,0,0,0,3,1,1,2,9,0,0,2,1
https://wikipedia.org/services?ref=homepage,0,43,13,0,0,0,0,1,1,0,2,0,9,1,0,3,0
https://twitter.com/signup?id=12345,0,35,11,0,0,0,0,1,1,5,2,0,7,1,0,3,0
https://cnn.com/about,0,21,7,0,0,0,0,1,1,0,0,0,6,0,0,3,0
http://apple-id-verify.buzz/confirm,1,35,20,0,0,0,1,0,1,0,0,0,8,0,0,4,1
http://login-update.cf/secure,1,29,15,0,0,0,1,0,1,0,0,0,7,0,0,2,1
http://bit.ly/test99,1,20,6,0,0,0,0,0,1,2,0,0,7,0,1,2,0
https://www.udemy.com/support?utm_source=google,0,47,13,0,0,0,0,1,2,0,2,0,8,1,0,3,0
https://reddit.com/terms?tab=overview,0,37,10,0,0,0,0,1,1,0,2,0,6,1,1,3,0
http://free-prize.info/win-limited/claim-now?id=960&ref=602&token=257,1,69,15,0,0,0,1,0,1,9,6,0,22,3,0,4,0
http://netflix-billing.xyz/payment,1,34,19,0,0,0,1,0,1,0,0,0,8,0,0,3,1
https://www.walmart.com/docs,0,28,15,0,0,0,0,1,2,0,0,0,5,0,1,3,0
https://apple.com/contact?utm_source=google,0,43,9,0,0,0,0,1,1,0,2,0,8,1,0,3,0
http://secure988.gq/login637/auth443,1,36,12,0,0,0,0,0,1,9,0,0,17,0,0,2,1
http://netflix-billing.club/payment,1,35,20,0,0,0,1,0,1,0,0,0,8,0,0,4,1
http://185.225.120.222/secure-login.php,1,39,15,1,0,0,0,0,4,12,0,2,17,0,0,3,0
https://www.booking.com/tr/giris?q=python,0,41,15,0,0,0,0,1,2,0,2,0,9,1,0,3,0
http://amazon-delivery.ga/track,1,31,18,0,0,0,1,0,1,0,0,0,6,0,0,2,1
https://yelp.com/features?sort=newest,0,37,8,0,0,0,0,1,1,0,2,0,9,1,0,3,0
https://instagram.com/help,0,26,13,0,0,0,0,1,1,0,0,0,5,0,0,3,0
http://secure340.cf/login102/auth113,1,36,12,0,0,0,0,0,1,9,0,0,17,0,0,2,1
http://192506472.gq/verify-account/614,1,38,12,0,0,0,0,0,1,12,0,0,19,0,0,2,1
http://airbnb.com/login,0,23,10,0,0,0,0,0,1,0,0,0,6,0,0,3,0
https://www.target.com/search?category=tech,0,43,14,0,0,0,0,1,2,0,2,0,7,1,1,3,0
http://45.177.235.202/account-update,1,36,14,1,0,0,0,0,3,11,0,2,15,0,0,3,0
https://yelp.com/news?q=python,0,30,8,0,0,0,0,1,1,0,2,0,5,1,0,3,0
http://apple-id-verify.tk/confirm,1,33,18,0,0,0,1,0,1,0,0,0,8,0,0,2,1
https://www.tumblr.com/privacy,0,30,14,0,0,0,0,1,2,0,0,0,8,0,0,3,0
http://free-urgent.xyz/win-warning/claim-now?id=156&ref=611&token=979,1,69,15,0,0,0,1,0,1,9,6,0,22,3,0,3,1
https://reddit.com/about,0,24,10,0,0,0,0,1,1,0,0,0,6,0,1,3,0
https://www.medium.com/login,0,28,14,0,0,0,0,1,2,0,0,0,6,0,0,3,0
https://yelp.com/services?page=1,0,32,8,0,0,0,0,1,1,1,2,0,9,1,0,3,0
http://facebook-security.xyz/verify,1,35,21,0,0,0,1,0,1,0,0,0,7,0,0,3,1
http://secure209.club/login125/auth490,1,38,14,0,0,0,0,0,1,9,0,0,17,0,0,4,1
https://amazon.com/blog?lang=en,0,31,10,0,0,0,0,1,1,0,2,0,5,1,0,3,0
https://reddit.com/api?q=python,0,31,10,0,0,0,0,1,1,0,2,0,4,1,1,3,0
https://openai.com/docs?id=12345,0,32,10,0,0,0,0,1,1,5,2,0,5,1,0,3,0
https://www.shopify.com/api?lang=en,0,35,15,0,0,0,0,1,2,0,2,0,4,1,0,3,0
http://secure.apple.com.test99.tk/verify,1,40,26,0,0,0,0,0,4,2,0,3,7,0,0,2,1
http://suspicious-payment-login-verify.work/login/secure/update/verify/account,1,78,36,0,0,0,1,0,1,0,0,0,35,0,0,4,1
http://amazon-delivery.net/track,1,32,19,0,0,0,1,0,1,0,0,0,6,0,0,3,0
https://www.facebook.com/tr/giris,0,33,16,0,0,0,0,1,2,0,0,0,9,0,0,3,0
https://www.etsy.com/dashboard,0,30,12,0,0,0,0,1,2,0,0,0,10,0,0,3,0
https://facebook.com/?utm_source=google,0,39,12,0,0,0,0,1,1,0,2,0,1,1,0,3,0
http://45.214.134.77/account-update,1,35,13,1,0,0,0,0,3,10,0,2,15,0,0,2,0
http://paypal-secure-login.biz/update,1,37,23,0,0,0,1,0,1,0,0,0,7,0,0,3,0
http://amazon-delivery.info/track,1,33,20,0,0,0,1,0,1,0,0,0,6,0,0,4,0
http://security-alert.buzz/action,1,33,19,0,0,0,1,0,1,0,0,0,7,0,0,4,1
http://youtube.com/products,0,27,11,0,0,0,0,0,1,0,0,0,9,0,0,3,0
http://192.168.253.93/login/secure,1,34,14,1,0,0,0,0,3,11,0,2,13,0,0,2,0
http://login-update.buzz/secure,1,31,17,0,0,0,1,0,1,0,0,0,7,0,0,4,1
http://secure185.net/login417/auth180,1,37,13,0,0,0,0,0,1,9,0,0,17,0,0,3,0
http://paypal-secure-login.org/update,1,37,23,0,0,0,1,0,1,0,0,0,7,0,0,3,0
http://security-alert.buzz/action,1,33,19,0,0,0,1,0,1,0,0,0,7,0,0,4,1
https://www.salesforce.com/profile?id=12345,0,43,18,0,0,0,0,1,2,5,2,0,8,1,0,3,0
http://192.168.31.7/login/secure,1,32,12,1,0,0,0,0,3,9,0,2,13,0,0,1,0
http://linkedin-verify.buzz/confirm,1,35,20,0,0,0,1,0,1,0,0,0,8,0,0,4,1
http://twitter-security.biz/alert,1,33,20,0,0,0,1,0,1,0,0,0,6,0,0,3,0
https://cnn.com/careers,0,23,7,0,0,0,0,1,1,0,0,0,8,0,0,3,0
http://secure745.cf/login554/auth910,1,36,12,0,0,0,0,0,1,9,0,0,17,0,0,2,1
https://www.instagram.com/settings,0,34,17,0,0,0,0,1,2,0,0,0,9,0,0,3,0
https://www.udemy.com/careers?id=12345,0,38,13,0,0,0,0,1,2,5,2,0,8,1,0,3,0
https://mozilla.org/blog?page=1,0,31,11,0,0,0,0,1,1,1,2,0,5,1,0,3,0
https://nytimes.com/support?tab=overview,0,40,11,0,0,0,0,1,1,0,2,0,8,1,0,3,0
https://udemy.com/tr/giris?category=tech,0,40,9,0,0,0,0,1,1,0,2,0,9,1,0,3,0
https://adobe.com/terms?q=python,0,32,9,0,0,0,0,1,1,0,2,0,6,1,0,3,0
http://microsoft-account.org/signin,1,35,21,0,0,0,1,0,1,0,0,0,7,0,0,3,0
http://www.ebay.com/docs?category=tech,0,38,12,0,0,0,0,0,2,0,2,0,5,1,0,3,0
http://tinyurl.com/node33,1,25,11,0,0,0,0,0,1,2,0,0,7,0,1,3,0
https://quora.com/blog?page=1,0,29,9,0,0,0,0,1,1,1,2,0,5,1,0,3,0
https://cnn.com/privacy?tab=overview,0,36,7,0,0,0,0,1,1,0,2,0,8,1,0,3,0
http://security-alert.ga/action,1,31,17,0,0,0,1,0,1,0,0,0,7,0,0,2,1
http://suspicious-locked-free-limited.biz/login/secure/update/verify/account,1,76,34,0,0,0,1,0,1,0,0,0,35,0,0,3,0
https://www.salesforce.com/about,0,32,18,0,0,0,0,1,2,0,0,0,6,0,0,3,0
https://coursera.org/careers?category=tech,0,42,12,0,0,0,0,1,1,0,2,0,8,1,0,3,0
https://walmart.com/settings?page=1,0,35,11,0,0,0,0,1,1,1,2,0,9,1,1,3,0
http://bit.ly/hack3r,1,20,6,0,0,0,0,0,1,1,0,0,7,0,1,2,0
http://www.zoom.us/en/home?lang=en,0,34,11,0,0,0,0,0,2,0,2,0,8,1,0,2,0
http://facebook-security.work/verify,1,36,22,0,0,0,1,0,1,0,0,0,7,0,0,4,1
https://www.apple.com/dashboard?page=1,0,38,13,0,0,0,0,1,2,1,2,0,10,1,0,3,0
http://login.paypal.com.zz99yy.work/signin,1,42,28,0,0,0,0,0,4,2,0,3,7,0,0,4,1
http://www.cnn.com/services,0,27,11,0,0,0,0,0,2,0,0,0,9,0,0,3,0
http://login-update.cf/secure,1,29,15,0,0,0,1,0,1,0,0,0,7,0,0,2,1
https://www.paypal.com/login?lang=en,0,36,14,0,0,0,0,1,2,0,2,0,6,1,0,3,0
https://heroku.com?tab=overview,0,31,10,0,0,0,0,1,1,0,2,0,0,1,0,3,0
https://spotify.com/terms,0,25,11,0,0,0,0,1,1,0,0,0,6,0,0,3,0
https://www.spotify.com/profile?tab=overview,0,44,15,0,0,0,0,1,2,0,2,0,8,1,0,3,0
https://instagram.com/products?lang=en,0,38,13,0,0,0,0,1,1,0,2,0,9,1,0,3,0
https://www.tripadvisor.com/services?lang=en,0,44,19,0,0,0,0,1,2,0,2,0,9,1,0,3,0
http://google-security.ml/alert,1,31,18,0,0,0,1,0,1,0,0,0,6,0,0,2,1
https://www.target.com/?id=12345,0,32,14,0,0,0,0,1,2,5,2,0,1,1,1,3,0
https://apple.com/news,0,22,9,0,0,0,0,1,1,0,0,0,5,0,0,3,0
http://account.google.com.host88.cf/auth,1,40,28,0,0,0,0,0,4,2,0,3,5,0,0,2,1
http://tinyurl.com/cdn456,1,25,11,0,0,0,0,0,1,3,0,0,7,0,1,3,0
http://192.168.78.108/login/secure,1,34,14,1,0,0,0,0,3,11,0,2,13,0,0,3,0
http://172.16.251.10/bank/verify,1,32,13,1,0,0,0,0,3,10,0,2,12,0,0,2,0
http://account-verify.ga/confirm,1,32,17,0,0,0,1,0,1,0,0,0,8,0,0,2,1
https://www.walmart.com/profile?lang=en,0,39,15,0,0,0,0,1,2,0,2,0,8,1,1,3,0
http://apple-id-verify.info/confirm,1,35,20,0,0,0,1,0,1,0,0,0,8,0,0,4,0
http://twitter-security.ga/alert,1,32,19,0,0,0,1,0,1,0,0,0,6,0,0,2,1
http://facebook-security.work/verify,1,36,22,0,0,0,1,0,1,0,0,0,7,0,0,4,1
https://netflix.com/services,0,28,11,0,0,0,0,1,1,0,0,0,9,0,0,3,0
https://cnn.com/services,0,24,7,0,0,0,0,1,1,0,0,0,9,0,0,3,0
https://salesforce.com/login,0,28,14,0,0,0,0,1,1,0,0,0,6,0,0,3,0
http://prize-winner.tk/redeem,1,29,15,0,0,0,1,0,1,0,0,0,7,0,0,2,1
http://172.16.115.154/bank/verify,1,33,14,1,0,0,0,0,3,11,0,2,12,0,0,3,0
https://dropbox.com/?tab=overview,0,33,11,0,0,0,0,1,1,0,2,0,1,1,0,3,0
http://192.168.60.24/login/secure,1,33,13,1,0,0,0,0,3,10,0,2,13,0,0,2,0
http://login-update.club/secure,1,31,17,0,0,0,1,0,1,0,0,0,7,0,0,4,1
http://secure.bank.com@temp01.buzz/transfer,1,43,27,0,1,0,0,0,3,2,1,2,9,0,0,4,1
https://www.quora.com/terms,0,27,13,0,0,0,0,1,2,0,0,0,6,0,0,3,0
http://suspicious-wallet-alert-suspended.buzz/login/secure/update/verify/account,1,80,38,0,0,0,1,0,1,0,0,0,35,0,0,4,1
http://paypal-secure-login.gq/update,1,36,22,0,0,0,1,0,1,0,0,0,7,0,0,2,1
https://salesforce.com/tr/giris,0,31,14,0,0,0,0,1,1,0,0,0,9,0,0,3,0
https://pinterest.com/search?page=1,0,35,13,0,0,0,0,1,1,1,2,0,7,1,1,3,0
http://facebook-security.tk/verify,1,34,20,0,0,0,1,0,1,0,0,0,7,0,0,2,1
https://www.mozilla.org/api?tab=overview,0,40,15,0,0,0,0,1,2,0,2,0,4,1,0,3,0
http://microsoft-account.biz/signin,1,35,21,0,0,0,1,0,1,0,0,0,7,0,0,3,0
http://185.223.79.30/secure-login.php,1,37,13,1,0,0,0,0,4,10,0,2,17,0,0,2,0
http://google-security.work/alert,1,33,20,0,0,0,1,0,1,0,0,0,6,0,0,4,1
https://www.coursera.org/en/home?lang=en,0,40,16,0,0,0,0,1,2,0,2,0,8,1,0,3,0
https://www.coursera.org/services?lang=en,0,41,16,0,0,0,0,1,2,0,2,0,9,1,0,3,0
https://www.walmart.com/features?utm_source=google,0,50,15,0,0,0,0,1,2,0,2,0,9,1,1,3,0
https://medium.com/help,0,23,10,0,0,0,0,1,1,0,0,0,5,0,0,3,0
http://login-update.ml/secure,1,29,15,0,0,0,1,0,1,0,0,0,7,0,0,2,1
https://twitch.tv/privacy,0,25,9,0,0,0,0,1,1,0,0,0,8,0,0,2,0
https://salesforce.com/profile,0,30,14,0,0,0,0,1,1,0,0,0,8,0,0,3,0
http://account-verify.work/confirm,1,34,19,0,0,0,1,0,1,0,0,0,8,0,0,4,1
http://linkedin-verify.tk/confirm,1,33,18,0,0,0,1,0,1,0,0,0,8,0,0,2,1
https://adobe.com/signup?q=python,0,33,9,0,0,0,0,1,1,0,2,0,7,1,0,3,0
https://adobe.com/privacy?lang=en,0,33,9,0,0,0,0,1,1,0,2,0,8,1,0,3,0
http://netflix-billing.org/payment,1,34,19,0,0,0,1,0,1,0,0,0,8,0,0,3,0
https://www.etsy.com/faq,0,24,12,0,0,0,0,1,2,0,0,0,4,0,0,3,0
http://secure.bank.com@test99.top/transfer,1,42,26,0,1,0,0,0,3,2,1,2,9,0,0,3,1
https://youtube.com/about,0,25,11,0,0,0,0,1,1,0,0,0,6,0,0,3,0
http://microsoft-account.tk/signin,1,34,20,0,0,0,1,0,1,0,0,0,7,0,0,2,1
http://netflix-billing.biz/payment,1,34,19,0,0,0,1,0,1,0,0,0,8,0,0,3,0
https://www.paypal.com/search?lang=en,0,37,14,0,0,0,0,1,2,0,2,0,7,1,0,3,0
https://pinterest.com/news,0,26,13,0,0,0,0,1,1,0,0,0,5,0,1,3,0
https://cnn.com/en/home?sort=newest,0,35,7,0,0,0,0,1,1,0,2,0,8,1,0,3,0
http://legitimate-site.com//http://zz99yy.tk/phishing,1,53,19,0,0,1,1,0,2,2,0,0,27,0,0,3,0
https://digitalocean.com/features?lang=en,0,41,16,0,0,0,0,1,1,0,2,0,9,1,0,3,0
http://bit.ly/zz99yy,1,20,6,0,0,0,0,0,1,2,0,0,7,0,1,2,0
http://account-verify.buzz/confirm,1,34,19,0,0,0,1,0,1,0,0,0,8,0,0,4,1
https://bestbuy.com/careers?lang=en,0,35,11,0,0,0,0,1,1,0,2,0,8,1,0,3,0
https://www.adobe.com/terms,0,27,13,0,0,0,0,1,2,0,0,0,6,0,0,3,0
http://account.google.com.temp01.info/auth,1,42,30,0,0,0,0,0,4,2,0,3,5,0,0,4,0
https://www.etsy.com/tr/giris?page=1,0,36,12,0,0,0,0,1,2,1,2,0,9,1,0,3,0
https://cnn.com/terms?tab=overview,0,34,7,0,0,0,0,1,1,0,2,0,6,1,0,3,0
http://github.com/?id=12345,0,27,10,0,0,0,0,0,1,5,2,0,1,1,0,3,0
http://legitimate-site.com//http://srv001.buzz/phishing,1,55,19,0,0,1,1,0,2,3,0,0,29,0,0,3,0
http://588431354.tk/verify-account/106,1,38,12,0,0,0,0,0,1,12,0,0,19,0,0,2,1
https://spotify.com/support?q=python,0,36,11,0,0,0,0,1,1,0,2,0,8,1,0,3,0
https://mozilla.org/docs?tab=overview,0,37,11,0,0,0,0,1,1,0,2,0,5,1,0,3,0
https://www.zoom.us/profile?sort=newest,0,39,11,0,0,0,0,1,2,0,2,0,8,1,0,2,0
http://amazon-delivery.ga/track,1,31,18,0,0,0,1,0,1,0,0,0,6,0,0,2,1
http://amazon-delivery.buzz/track,1,33,20,0,0,0,1,0,1,0,0,0,6,0,0,4,1
http://amazon-delivery.tk/track,1,31,18,0,0,0,1,0,1,0,0,0,6,0,0,2,1
http://paypal-secure-login.org/update,1,37,23,0,0,0,1,0,1,0,0,0,7,0,0,3,0
http://microsoft-account.work/signin,1,36,22,0,0,0,1,0,1,0,0,0,7,0,0,4,1
http://www.paypal.com@abc123.top/login,1,38,25,0,1,0,0,0,3,3,1,1,6,0,0,3,1
http://381386556.xyz/verify-account/252,1,39,13,0,0,0,0,0,1,12,0,0,19,0,0,3,1
https://kaggle.com/terms?ref=homepage,0,37,10,0,0,0,0,1,1,0,2,0,6,1,0,3,0
http://account.google.com.temp01.info/auth,1,42,30,0,0,0,0,0,4,2,0,3,5,0,0,4,0
https://www.linkedin.com/docs?lang=en,0,37,16,0,0,0,0,1,2,0,2,0,5,1,0,3,0
https://www.facebook.com/faq?category=tech,0,42,16,0,0,0,0,1,2,0,2,0,4,1,0,3,0
http://instagram-support.xyz/help,1,33,21,0,0,0,1,0,1,0,0,0,5,0,0,3,1
https://medium.com/dashboard,0,28,10,0,0,0,0,1,1,0,0,0,10,0,0,3,0
https://adobe.com/features?category=tech,0,40,9,0,0,0,0,1,1,0,2,0,9,1,0,3,0
https://kaggle.com/pricing,0,26,10,0,0,0,0,1,1,0,0,0,8,0,0,3,0
http://free-iphone.cf/claim-now,1,31,14,0,0,0,1,0,1,0,0,0,10,0,0,2,1
https://www.udemy.com/news,0,26,13,0,0,0,0,1,2,0,0,0,5,0,0,3,0
https://google.com/dashboard?tab=overview,0,41,10,0,0,0,0,1,1,0,2,0,10,1,0,3,0
https://microsoft.com/api?q=python,0,34,13,0,0,0,0,1,1,0,2,0,4,1,1,3,0
http://security-alert.gq/action,1,31,17,0,0,0,1,0,1,0,0,0,7,0,0,2,1
http://free-suspended.ml/win-account/claim-now?id=421&ref=462&token=323,1,71,17,0,0,0,1,0,1,9,6,0,22,3,0,2,1
https://airbnb.com/about?id=12345,0,33,10,0,0,0,0,1,1,5,2,0,6,1,0,3,0
http://suspicious-warning-confirm-urgent.gq/login/secure/update/verify/account,1,78,36,0,0,0,1,0,1,0,0,0,35,0,0,2,1
https://tripadvisor.com/services?sort=newest,0,44,15,0,0,0,0,1,1,0,2,0,9,1,0,3,0
http://google-security.net/alert,1,32,19,0,0,0,1,0,1,0,0,0,6,0,0,3,0
https://www.slack.com/support?utm_source=google,0,47,13,0,0,0,0,1,2,0,2,0,8,1,0,3,0
http://google-security.biz/alert,1,32,19,0,0,0,1,0,1,0,0,0,6,0,0,3,0
https://www.twitter.com/blog?lang=en,0,36,15,0,0,0,0,1,2,0,2,0,5,1,0,3,0
http://185.54.172.162/secure-login.php,1,38,14,1,0,0,0,0,4,11,0,2,17,0,0,3,0
https://twitter.com/products?id=12345,0,37,11,0,0,0,0,1,1,5,2,0,9,1,0,3,0
http://login-update.tk/secure,1,29,15,0,0,0,1,0,1,0,0,0,7,0,0,2,1
https://mozilla.org/login?sort=newest,0,37,11,0,0,0,0,1,1,0,2,0,6,1,0,3,0
https://wordpress.org/en/home?utm_source=google,0,47,13,0,0,0,0,1,1,0,2,0,8,1,0,3,0
https://airbnb.com/settings?q=python,0,36,10,0,0,0,0,1,1,0,2,0,9,1,0,3,0
https://paypal.com/settings,0,27,10,0,0,0,0,1,1,0,0,0,9,0,0,3,0
https://tumblr.com/about?sort=newest,0,36,10,0,0,0,0,1,1,0,2,0,6,1,0,3,0
http://facebook-security.org/verify,1,35,21,0,0,0,1,0,1,0,0,0,7,0,0,3,0
http://secure.apple.com.test99.work/verify,1,42,28,0,0,0,0,0,4,2,0,3,7,0,0,4,1
http://45.201.230.204/account-update,1,36,14,1,0,0,0,0,3,11,0,2,15,0,0,3,0
http://www.netflix.com/about?tab=overview,0,41,15,0,0,0,0,0,2,0,2,0,6,1,0,3,0
https://digitalocean.com/profile,0,32,16,0,0,0,0,1,1,0,0,0,8,0,0,3,0
http://secure.bank.com@web555.tk/transfer,1,41,25,0,1,0,0,0,3,3,1,2,9,0,0,2,1
https://www.stripe.com/help?utm_source=google,0,45,14,0,0,0,0,1,2,0,2,0,5,1,0,3,0
http://bit.ly/abc123,1,20,6,0,0,0,0,0,1,3,0,0,7,0,1,2,0
https://shopify.com/api,0,23,11,0,0,0,0,1,1,0,0,0,4,0,0,3,0
https://www.tumblr.com/privacy,0,30,14,0,0,0,0,1,2,0,0,0,8,0,0,3,0
http://www.google.com/help?page=1,0,33,14,0,0,0,0,0,2,1,2,0,5,1,0,3,0
http://udemy.com/blog?sort=newest,0,33,9,0,0,0,0,0,1,0,2,0,5,1,0,3,0
https://cnn.com/blog,0,20,7,0,0,0,0,1,1,0,0,0,5,0,0,3,0
http://amazon-delivery.biz/track,1,32,19,0,0,0,1,0,1,0,0,0,6,0,0,3,0
https://www.kaggle.com/terms?id=12345,0,37,14,0,0,0,0,1,2,5,2,0,6,1,0,3,0
http://www.spotify.com/products?ref=homepage,0,44,15,0,0,0,0,0,2,0,2,0,9,1,0,3,0
https://facebook.com/news?utm_source=google,0,43,12,0,0,0,0,1,1,0,2,0,5,1,0,3,0
https://twitter.com/contact?sort=newest,0,39,11,0,0,0,0,1,1,0,2,0,8,1,0,3,0
http://legitimate-site.com//http://data77.work/phishing,1,55,19,0,0,1,1,0,2,2,0,0,29,0,0,3,0
http://45.42.100.247/account-update,1,35,13,1,0,0,0,0,3,10,0,2,15,0,0,3,0
https://coursera.org/services,0,29,12,0,0,0,0,1,1,0,0,0,9,0,0,3,0
http://linkedin-verify.top/confirm,1,34,19,0,0,0,1,0,1,0,0,0,8,0,0,3,1
